area_m2,lat,lon,price_usd
54.0,23.634501,-102.552788,323529.4117647059
100.0,19.279771,-99.234597,54509.82352941176
135.0,23.634501,-102.552788,377058.82352941175
87.0,19.432657,-99.177444,259764.70588235295
100.0,19.367025,-99.170349,185294.11764705883
57.0,23.634501,-102.552788,104974.64705882352
83.0,19.3794059,-99.1591446,192488.23529411765
103.0,19.36269,-99.150565,74117.64705882352
149.0,,,59800.64705882353
56.0,19.4024128,-99.0953907,79117.64705882352
80.0,19.35782,-99.149406,76176.4705882353
60.0,19.504985,-99.208557,27058.823529411766
120.0,19.376792,-99.153132,288235.29411764705
50.0,19.354219,-99.126244,105105.88235294117
90.0,19.367728,-99.156645,158764.70588235295
90.0,19.400785,-99.147419,85294.11764705883
114.0,19.39177,-99.159996,104180.35294117648
65.0,19.366632,-99.1979,44774.882352941175
80.0,19.400731,-99.125466,76000.0
83.0,,,219705.88235294117
61.0,19.337163,-99.080899,44000.0
55.0,19.435666,-99.14973,50000.0
120.0,19.393401,-99.165187,275294.1176470588
112.0,19.431629,-99.162762,125098.0
60.0,19.2990233,-99.0436467,59605.882352941175
65.0,19.453854,-99.193979,40023.529411764706
60.0,19.458968,-99.152898,33452.705882352944
90.0,19.394073,-99.153915,188235.29411764705
65.0,19.332034,-99.062028,40176.470588235294
50.0,19.305214,-99.046887,18943.529411764706
147.0,19.387245,-99.147388,138235.29411764705
63.0,19.366081,-99.139389,118117.64705882352
64.0,19.370272,-99.149127,41529.41176470588
70.0,19.386715,-99.143999,89117.64705882352
70.0,19.458968,-99.152898,33452.705882352944
70.0,19.445471,-99.17317,76176.4705882353
70.0,19.443903,-99.171681,58549.0
100.0,19.314831,-99.140445,65862.17647058824
86.0,19.317741,-99.119331,69941.17647058824
80.0,19.305984,-99.127341,119823.5294117647
60.0,19.365843,-99.149901,85882.35294117648
80.0,19.365843,-99.149901,88235.29411764706
90.0,19.399841,-99.154813,76588.23529411765
73.0,19.394073,-99.153915,173529.41176470587
70.0,19.465454,-99.162665,62352.94117647059
52.0,19.405298,-99.164986,174667.64705882352
90.0,23.634501,-102.552788,176470.58823529413
69.0,19.334546,-99.207876,69070.58823529411
56.0,,,176470.58823529413
69.0,19.403312,-99.151204,147235.29411764705
70.0,19.376392,-99.192439,41354.41176470588
80.0,19.416439,-99.125632,46164.705882352944
70.0,19.401456,-99.146787,101764.70588235294
54.0,19.4045899,-99.0601489,52882.35294117647
84.0,19.4169673,-99.1658498,288235.29411764705
97.0,19.400249,-99.177444,220588.23529411765
62.0,19.4553585442,-99.1632923484,111123.5294117647
90.0,19.440749,-99.141649,88823.5294117647
90.0,19.484532,-99.207027,86127.41176470589
97.0,19.379376,-99.165182,188235.29411764705
98.0,19.389044,-99.179657,58823.529411764706
110.0,19.478473,-99.120734,138235.29411764705
98.0,19.469769,-99.157379,144757.5294117647
85.0,19.452143,-99.181477,74196.82352941176
65.0,19.3499358,-99.2906864,164705.88235294117
74.0,19.3807458,-99.1553016,172705.88235294117
64.0,19.386551,-99.193708,105882.35294117648
64.0,19.466822,-99.157379,85294.11764705883
63.0,19.370501,-99.139389,121082.35294117648
150.0,19.382986,-99.241837,201176.4705882353
75.0,19.462425,-99.17654,35529.41176470588
105.0,19.408904,-99.174556,119372.5294117647
75.0,19.474885,-99.188231,79411.76470588235
56.0,19.36994,-99.007399,34294.117647058825
93.0,19.358585,-99.185753,251711.76470588235
70.0,19.379525,-99.188914,61294.117647058825
80.0,19.400731,-99.125466,76000.0
110.0,19.4124708,-99.1717827,238235.29411764705
80.0,19.428324,-99.176337,195642.9411764706
70.0,19.480501,-99.178139,51176.470588235294
64.0,,,150976.4705882353
81.0,23.634501,-102.552788,69411.76470588235
60.0,,,62352.94117647059
78.0,19.402752,-99.098587,110000.0
90.0,19.465454,-99.162665,84155.05882352941
108.0,19.3853063,-99.1521292,250000.0
105.0,19.408904,-99.174556,119372.5294117647
95.0,19.290953,-99.124863,61705.882352941175
60.0,,,73529.41176470589
100.0,,,274235.29411764705
137.0,19.418048,-99.158527,82352.94117647059
70.0,19.405883,-99.183079,35588.23529411765
70.0,19.471896,-99.224024,47811.76470588235
63.0,19.309208,-99.171906,58823.529411764706
60.0,19.304501,-99.123121,53235.294117647056
75.0,19.39365,-99.14769,176058.82352941178
64.0,19.409369,-99.171906,270117.64705882355
75.0,19.36269,-99.150565,74117.64705882352
150.0,19.3392293,-99.2189838,282352.9411764706
51.0,19.400097,-99.122093,99941.17647058824
97.0,19.367025,-99.170349,185294.11764705883
75.0,19.484532,-99.207027,85539.17647058824
65.0,19.278198,-99.200831,77647.05882352941
74.0,19.383251,-99.105499,42470.58823529412
75.0,19.461871,-99.129227,58132.35294117647
60.0,19.422398,-99.167129,83176.4705882353
52.0,,,51644.705882352944
63.0,19.303736,-99.163605,118387.76470588235
75.0,19.453513,-99.210223,44196.117647058825
120.0,19.365766,-99.263112,201176.4705882353
50.0,19.439037,-99.119514,38764.705882352944
76.0,,,44405.882352941175
66.0,19.384327,-99.215523,52941.17647058824
60.0,19.317698,-99.061256,38764.705882352944
100.0,19.422201,-99.159447,160039.23529411765
90.0,19.503195,-99.206723,76470.58823529411
74.0,19.405298,-99.164986,251764.70588235295
95.0,19.3687777,-99.1897886,188235.29411764705
59.0,19.524143,-99.160149,38235.294117647056
65.0,19.325608,-99.06112,35411.76470588235
100.0,19.3677299,-99.1527773,176470.58823529413
70.0,19.332149,-99.244008,95647.05882352941
64.0,19.410307,-99.065399,100000.0
112.0,19.403489,-99.156312,285294.1176470588
60.0,19.379109,-99.187689,61294.117647058825
85.0,19.452419,-99.175058,57647.05882352941
50.0,19.287188,-99.170525,76470.58823529411
60.0,19.475187,-99.175019,49352.94117647059
120.0,19.367931,-99.170262,134705.88235294117
81.0,19.367424,-99.185753,158823.5294117647
101.0,19.314895,-99.09423,67647.05882352941
76.0,19.273716,-99.186416,51882.35294117647
64.0,19.365391,-99.18956,156235.29411764705
75.0,19.396862,-99.172659,96941.17647058824
100.0,23.634501,-102.552788,188235.29411764705
106.0,19.3714480121,-99.149787426,205882.35294117648
69.0,19.422243,-99.127305,61058.82352941176
85.0,19.469418,-99.164299,84155.05882352941
116.0,19.387782,-99.186194,105701.76470588235
60.0,19.411472,-99.188522,347058.82352941175
53.0,19.262049,-99.1138,67647.05882352941
70.0,19.402944,-99.199727,67023.5294117647
75.0,19.379525,-99.188914,60705.882352941175
70.0,19.346767,-99.123658,69705.88235294117
55.0,19.384808,-99.137496,76531.23529411765
75.0,19.45337,-99.181695,155882.35294117648
63.0,19.397397,-99.155802,188517.64705882352
62.0,19.4306069,-99.0949899,131418.9411764706
97.0,19.341894,-99.224525,186923.5294117647
80.0,23.634501,-102.552788,85882.35294117648
50.0,19.283388,-99.055038,42764.705882352944
100.0,19.431629,-99.162762,188235.29411764705
115.0,19.428324,-99.176337,195642.88235294117
60.0,19.4445115,-99.1895493,217647.0588235294
94.0,19.429392,-99.181017,350000.0
70.0,19.456145,-99.201167,61058.82352941176
110.0,19.400785,-99.147419,105882.35294117648
137.0,19.275206,-99.218292,364705.8823529412
125.0,19.394358,-99.177444,261029.41176470587
97.0,19.341894,-99.224525,186923.5294117647
90.0,19.334546,-99.207876,84647.05882352941
85.0,19.370272,-99.149127,41534.705882352944
126.0,19.437841,-99.220367,188235.29411764705
150.0,19.48527,-99.200287,123529.41176470589
70.0,19.307417,-99.125191,30366.764705882353
75.0,19.384808,-99.155339,100549.0
75.0,19.409095,-99.163216,251764.70588235295
51.0,19.473415,-99.143539,76882.35294117648
89.0,19.44673,-99.161695,61352.94117647059
136.0,19.394358,-99.177444,252941.17647058822
100.0,19.3898619,-99.1674138,147058.82352941178
60.0,19.302076,-99.049427,37882.35294117647
69.0,19.472155,-99.161186,104117.64705882352
55.0,19.372684,-99.183678,158823.5294117647
52.0,19.456439,-99.144414,58169.41176470588
90.0,19.368475,-99.17952,182352.9411764706
66.0,19.368823,-99.224603,61215.705882352944
98.0,19.3549174,-99.0993735,61764.705882352944
65.0,19.358585,-99.185753,251711.76470588235
119.0,19.3703820187,-99.1493282287,158823.5294117647
90.0,19.395097,-99.150424,59350.117647058825
64.0,19.320269,-99.055412,30000.0
106.0,19.367745,-99.180127,235294.11764705883
65.0,19.468092,-99.088883,67647.05882352941
60.0,,,28247.058823529413
52.0,19.405298,-99.164986,174667.64705882352
71.0,19.2818221685,-99.1876426712,41176.470588235294
127.0,19.391074,-99.165737,178235.29411764705
70.0,19.418844,-99.132357,22980.352941176472
70.0,,,33140.35294117647
85.0,19.3943574,-99.1774462,257647.0588235294
70.0,19.397649,-99.093087,37176.470588235294
53.0,19.408805,-99.129702,62352.94117647059
57.0,23.634501,-102.552788,104974.64705882352
80.0,19.3499358,-99.2906864,182352.9411764706
75.0,19.313878,-99.094271,51764.705882352944
110.0,19.427922,-99.160613,294117.64705882355
60.0,19.392025,-99.135302,57025.705882352944
90.0,19.384808,-99.155339,100549.0
75.0,19.361114,-99.222666,52156.82352941176
60.0,19.493973,-99.130394,118058.82352941176
100.0,19.394073,-99.153915,182352.9411764706
110.0,19.371342,-99.253616,371606.4705882353
130.0,,,271170.5882352941
65.0,19.386852,-99.194748,116470.58823529411
103.0,19.38499,-99.227853,56862.705882352944
100.0,19.3392293,-99.2189838,208823.5294117647
70.0,19.490331,-99.207579,35647.0
60.0,19.3821,-99.204573,36078.41176470588
66.0,19.461416,-99.133163,44117.64705882353
69.0,19.363469,-99.010141,31705.882352941175
60.0,19.364005,-99.153602,116856.35294117648
99.0,19.3747920646,-99.137270786,182352.9411764706
75.0,19.440749,-99.141649,88823.5294117647
55.0,19.45178,-99.15709,24334.235294117647
85.0,19.443333,-99.202983,306470.5882352941
107.0,19.39557,-99.132937,131823.5294117647
64.0,19.478815,-99.196831,85294.11764705883
85.0,19.409843,-99.125509,27308.882352941175
110.0,19.282895,-99.166933,34419.17647058824
85.0,19.401331,-99.154029,214705.88235294117
126.0,19.425758,-99.174333,108823.5294117647
115.0,19.428324,-99.176337,195642.88235294117
83.0,19.365031,-99.147736,155882.35294117648
90.0,19.273713,-99.120741,78730.82352941176
108.0,19.309713,-99.1262,119823.5294117647
80.0,19.348122,-99.125716,96980.0
93.0,19.387579,-99.170353,122941.17647058824
75.0,19.404442,-99.162688,84941.17647058824
106.0,19.362511,-99.166374,180676.4705882353
74.0,19.384506,-99.135865,91176.4705882353
122.0,19.390912,-99.172242,285294.1176470588
69.0,19.505199,-99.155991,35294.117647058825
73.0,19.3883217,-99.1862188,64705.882352941175
80.0,19.414597,-99.156686,246176.4705882353
127.0,19.399028,-99.175227,116470.58823529411
95.0,19.362864,-99.173988,90705.88235294117
65.0,19.472155,-99.161186,105000.0
133.0,19.3152718515,-99.1075855494,110588.23529411765
56.0,19.391754,-99.056058,42352.94117647059
60.0,19.493973,-99.130394,118058.82352941176
75.0,,,41176.470588235294
70.0,19.383446,-99.137643,79411.76470588235
100.0,19.428324,-99.176337,195642.88235294117
75.0,19.324386,-99.124228,59284.705882352944
60.0,19.452689,-99.117987,30294.117647058825
72.0,19.3915,-99.038137,56176.470588235294
128.0,19.4070717,-99.1621603,370588.23529411765
122.0,19.449148,-99.175534,194088.23529411765
89.0,19.436264,-99.099608,109976.4705882353
60.0,19.422676,-99.097893,20588.235294117647
64.0,,,52065.41176470588
70.0,19.457685,-99.121754,36039.17647058824
136.0,19.382013,-99.188522,283508.82352941175
65.0,19.511198,-99.200576,43294.117647058825
85.0,,,164705.88235294117
120.0,19.3024064,-99.2018433,294117.64705882355
60.0,19.404918,-99.1978,29058.823529411766
78.0,19.396893,-99.152302,95882.35294117648
58.0,19.443178,-99.144234,47647.05882352941
75.0,19.397686,-99.161395,135490.17647058822
50.0,19.4555330491,-99.1633956134,89452.94117647059
70.0,19.448187,-99.161176,37941.17647058824
70.0,19.386821,-99.164805,174960.41176470587
67.0,19.461306,-99.127826,67058.82352941176
50.0,19.419427,-99.067675,49352.94117647059
70.0,19.384365,-99.156091,185882.35294117648
63.0,19.194247,-99.141976,57647.05882352941
94.0,19.3338880248,-99.151327014,146691.17647058822
67.0,19.474223,-99.18722,91176.4705882353
108.0,19.4032833,-99.1821858,379989.4117647059
78.0,19.3825040623,-99.1580399126,152941.17647058822
122.0,19.408697,-99.181012,229411.76470588235
75.0,19.489901,-99.192497,47811.76470588235
90.0,19.39177,-99.159996,104180.35294117648
64.0,19.385994,-99.106613,61764.705882352944
83.0,19.368808,-99.112954,129411.76470588235
50.0,19.404661,-99.133858,88235.29411764706
66.0,19.30241,-99.109299,52688.23529411765
60.0,19.455894,-99.18355,39607.82352941176
51.0,19.440935,-99.188522,233529.41176470587
120.0,19.41498,-99.177444,264705.8823529412
80.0,19.383948,-99.067884,28246.235294117647
121.0,19.368182,-99.176664,228529.41176470587
55.0,19.372684,-99.183678,158823.5294117647
50.0,19.422817,-99.058911,30687.647058823528
106.0,19.331932,-99.246689,302606.82352941175
60.0,19.2990233,-99.0436467,59605.882352941175
110.0,19.347664,-99.125001,95490.17647058824
58.0,19.492992,-99.149765,117647.05882352941
73.0,19.3596034,-99.1514055,168400.0
82.0,19.381729,-99.164986,158823.5294117647
101.0,19.39365,-99.14769,300070.5882352941
78.0,19.322523,-99.141464,167647.0588235294
66.0,19.446253,-99.157519,35882.35294117647
120.0,19.367931,-99.170262,134705.88235294117
61.0,19.364891,-99.148384,156894.11764705883
100.0,19.394358,-99.177444,194117.64705882352
53.0,19.383599,-99.190834,45294.117647058825
117.0,19.3503274,-99.2989735,300463.64705882355
74.0,19.383251,-99.105499,42470.58823529412
90.0,19.427118,-99.141954,51764.705882352944
62.0,19.39912,-99.141464,156442.9411764706
80.0,19.398983,-99.154034,67254.88235294117
90.0,19.387131,-99.147493,138235.29411764705
90.0,19.384371,-99.135965,100588.23529411765
75.0,19.39557,-99.132937,94323.5294117647
127.0,19.400249,-99.177444,116470.58823529411
64.0,19.383446,-99.137643,76531.17647058824
85.0,19.434723,-99.175887,147117.64705882352
70.0,19.382649,-99.143384,49352.94117647059
54.0,19.406759,-99.125172,37088.23529411765
60.0,19.49662,-99.185876,53176.470588235294
70.0,19.39617,-99.13791,51764.705882352944
121.0,19.394358,-99.177444,346841.35294117645
127.0,19.39177,-99.159996,194117.64705882352
65.0,19.370046,-99.146155,88235.29411764706
85.0,19.3618265,-99.1542053,214705.88235294117
110.0,19.308573,-99.07088,57800.58823529412
60.0,19.359901,-99.189606,52411.76470588235
89.0,19.417364,-99.159454,211764.70588235295
80.0,19.427754,-99.171109,88823.5294117647
85.0,19.396705,-99.181902,86564.70588235294
100.0,19.340202,-99.257774,176470.58823529413
57.0,19.298168,-99.113106,105294.11764705883
62.0,19.39912,-99.141464,143475.0588235294
70.0,19.369509,-99.172532,100588.23529411765
59.0,19.456595,-99.20456,44176.470588235294
50.0,19.4179232,-99.1483827,37058.82352941176
86.0,19.307754,-99.12497,36249.117647058825
97.0,19.3813197,-99.1996895,212217.64705882352
50.0,19.410307,-99.065399,48235.294117647056
80.0,19.461871,-99.129227,72411.76470588235
60.0,19.527836,-99.169827,38392.882352941175
79.0,19.3638234,-99.1444714,146764.70588235295
80.0,19.359897,-99.18956,52411.76470588235
70.0,19.445816,-99.170462,67037.35294117648
60.0,,,252941.17647058822
85.0,19.368544,-99.163605,214705.88235294117
60.0,19.444865,-99.156877,90829.5294117647
100.0,19.381729,-99.164986,182352.9411764706
62.0,19.377369,-99.198052,107647.05882352941
70.0,19.352333,-99.121169,69089.17647058824
59.0,19.456595,-99.20456,44176.470588235294
60.0,19.328833,-99.133163,119117.64705882352
76.0,19.4113101,-99.064722,56176.470588235294
110.0,19.443486,-99.211871,110588.23529411765
56.0,19.392349,-99.07093,50000.0
69.0,19.504602,-99.153096,38352.94117647059
55.0,19.384327,-99.215523,38431.41176470588
90.0,19.40099,-99.161174,134901.9411764706
98.0,19.407187,-99.172405,260629.41176470587
90.0,19.400959,-99.162199,134705.88235294117
50.0,19.439037,-99.119514,38764.705882352944
127.0,19.2990233,-99.0436467,92847.64705882352
118.0,19.381729,-99.164986,284009.17647058825
115.0,19.378233,-99.2054,111176.4705882353
70.0,19.445816,-99.170462,101470.58823529411
90.0,19.387651,-99.142257,44117.64705882353
60.0,19.464437,-99.175369,60941.17647058824
70.0,19.334546,-99.207876,84647.05882352941
60.0,19.3605334,-99.2267067,126764.70588235294
85.0,19.347664,-99.125001,95490.17647058824
117.0,19.3978,-99.175813,265094.1176470588
56.0,19.301945,-99.0495332,21176.470588235294
100.0,23.634501,-102.552788,88235.29411764706
60.0,19.29312,-99.052935,36580.23529411765
120.0,19.498335,-99.131701,208823.5294117647
80.0,19.36269,-99.150565,74117.64705882352
130.0,19.441733,-99.161653,107011.76470588235
54.0,19.324947,-99.083468,36745.117647058825
80.0,19.391834,-99.188695,80000.0
50.0,19.360367,-99.192614,86470.58823529411
70.0,19.388433,-99.175962,352352.9411764706
57.0,19.298168,-99.113106,105294.11764705883
52.0,19.469681,-99.086136,67647.05882352941
60.0,19.392025,-99.135302,40966.882352941175
60.0,19.301945,-99.049533,37882.35294117647
64.0,19.379134,-99.253631,170470.58823529413
70.0,19.415143,-99.14685,40705.882352941175
60.0,19.524143,-99.160149,38235.294117647056
70.0,19.393257,-99.157113,80000.0
95.0,19.39945,-99.164717,166470.58823529413
91.0,19.336195,-99.23692,101294.11764705883
80.0,19.410419,-99.194748,68411.76470588235
136.0,19.416616,-99.160027,144117.64705882352
60.0,19.479793,-99.100174,47477.64705882353
80.0,19.400785,-99.147419,59110.470588235294
90.0,19.434723,-99.175887,147117.64705882352
66.0,19.497521,-99.203979,61137.23529411765
59.0,19.45789,-99.20016,44176.470588235294
73.0,19.364891,-99.148384,150452.9411764706
90.0,19.260421,-99.120697,102941.17647058824
75.0,19.39942,-99.141673,68805.35294117648
90.0,19.395261,-99.153153,147450.9411764706
87.0,19.436516,-99.173988,293847.0588235294
51.0,19.400097,-99.122093,99941.17647058824
50.0,19.365843,-99.149901,65470.76470588235
126.0,19.365686,-99.263209,201176.4705882353
71.0,19.36678,-99.21145,61764.705882352944
70.0,19.323772,-99.116562,44405.882352941175
80.0,19.355751,-99.299347,112647.05882352941
64.0,19.3638234,-99.1444714,176176.4705882353
100.0,19.295665,-99.132282,152352.9411764706
64.0,19.436024,-99.15461,264705.8823529412
135.0,19.394073,-99.153915,300000.0
65.0,19.415461,-99.124168,67529.41176470589
70.0,19.395058,-99.13078,99411.76470588235
122.0,19.390912,-99.172242,285294.1176470588
110.0,19.355751,-99.299347,376470.5882352941
120.0,19.405298,-99.164986,371411.76470588235
62.0,19.39912,-99.141464,143475.0588235294
117.0,19.441814,-99.156422,67895.23529411765
65.0,19.312223,-99.105454,22941.176470588234
70.0,19.428767,-99.1459,58235.294117647056
60.0,19.403309,-99.145494,75470.58823529411
66.0,19.350145,-99.086731,32117.647058823528
110.0,19.399118,-99.167617,205882.35294117648
103.0,19.394358,-99.177444,302441.17647058825
60.0,19.402944,-99.199727,68411.76470588235
108.0,19.390031,-99.174182,234117.64705882352
60.0,19.453201,-99.132967,32196.117647058825
69.0,19.417636,-99.153292,50470.58823529412
70.0,19.410215,-99.14595,49176.470588235294
92.0,19.405298,-99.164986,200000.0
90.0,19.392814,-99.175476,92882.35294117648
60.0,19.409843,-99.125509,29693.176470588234
60.0,19.362679,-99.171002,76470.58823529411
70.0,19.48888,-99.179278,57380.0
80.0,19.334738,-99.176758,82489.41176470589
57.0,19.369859,-99.135812,42794.117647058825
66.0,19.410412,-99.098521,62176.470588235294
60.0,19.468775,-99.115636,64705.882352941175
91.0,19.399815,-99.150806,134117.64705882352
68.0,19.387388,-99.175554,208823.5294117647
127.0,19.380987,-99.182164,247058.82352941178
80.0,19.470215,-99.140075,52912.05882352941
94.0,19.305984,-99.127341,119823.5294117647
101.0,19.2753576,-99.1675547,193823.5294117647
95.0,19.38828,-99.195529,50153.35294117647
122.0,19.390912,-99.172242,285294.1176470588
74.0,19.3223015,-99.1035542,49669.35294117647
63.0,19.39106,-99.14775,39588.23529411765
50.0,19.41275,-99.126007,40094.35294117647
75.0,19.38751,-99.142247,44117.64705882353
103.0,19.270735,-99.175292,108823.5294117647
67.0,,,164705.88235294117
110.0,19.343979,-99.124863,129411.76470588235
124.0,19.3815906,-99.1653974,335882.35294117645
129.0,19.403334,-99.157755,147058.82352941178
130.0,,,271170.5882352941
80.0,19.361385,-99.246689,38058.82352941176
80.0,19.38828,-99.195529,44533.705882352944
70.0,19.3755039,-99.1630337,214705.88235294117
70.0,19.3865508,-99.1937082,96647.05882352941
58.0,19.452365,-99.124572,27058.823529411766
70.0,19.392185,-99.135357,56470.58823529412
65.0,19.323772,-99.116562,37941.17647058824
98.0,19.469769,-99.157379,144757.5294117647
63.0,19.441047,-99.135306,21058.823529411766
70.0,,,37647.05882352941
68.0,19.399461,-99.175182,56882.35294117647
60.0,19.4900536,-99.0935504,42352.94117647059
63.0,19.417363,-99.068463,44734.117647058825
101.0,19.341894,-99.224525,264705.8823529412
51.0,19.386852,-99.194748,96975.82352941176
75.0,19.326922,-99.121203,52617.64705882353
55.0,19.439253,-99.163605,98823.5294117647
85.0,,,49294.117647058825
100.0,23.634501,-102.552788,205882.35294117648
70.0,19.384467,-99.135872,109411.76470588235
96.0,19.373306,-99.146919,168029.41176470587
70.0,19.309208,-99.171906,86588.23529411765
87.0,19.383446,-99.137643,60650.0
52.0,19.392349,-99.07093,68705.88235294117
102.0,19.39912,-99.141464,197647.0588235294
65.0,19.411112,-99.193066,69411.76470588235
88.0,19.369509,-99.172532,100588.23529411765
146.0,,,398823.5294117647
55.0,19.364891,-99.148384,85882.35294117648
127.0,,,282352.9411764706
109.0,19.3668017,-99.1724994,264705.8823529412
95.0,19.375412,-99.144234,67058.82352941176
83.0,,,219705.88235294117
70.0,19.445553,-99.097057,56869.41176470588
104.0,19.377369,-99.198052,132352.9411764706
65.0,23.634501,-102.552788,64705.882352941175
60.0,19.3778105,-99.1975082,91176.4705882353
63.0,19.417923,-99.148384,86135.29411764706
98.0,19.380937,-99.179545,185882.35294117648
90.0,19.38828,-99.195529,44533.705882352944
80.0,19.370046,-99.146155,88235.29411764706
90.0,19.390844,-99.164664,204901.9411764706
117.0,19.394358,-99.177444,345529.4117647059
65.0,19.29707,-99.051074,36580.17647058824
65.0,19.441879,-99.167819,35102.94117647059
80.0,19.469769,-99.157379,161470.58823529413
75.0,19.452255,-99.124703,61176.470588235294
60.0,19.458831,-99.203999,62352.94117647059
78.0,19.437285,-99.174303,118996.4705882353
104.0,19.371132,-99.173156,108549.0
76.0,19.364005,-99.153602,116882.35294117648
63.0,19.298347,-99.116905,55882.35294117647
91.0,19.401456,-99.146787,101764.70588235294
60.0,19.386852,-99.194748,44117.64705882353
51.0,19.473415,-99.143539,76882.35294117648
62.0,19.39365,-99.14769,156711.17647058822
70.0,19.3437444,-99.1561883,73529.41176470589
70.0,19.371132,-99.173156,109137.29411764706
60.0,19.452689,-99.117987,35294.117647058825
75.0,19.359901,-99.189606,52411.76470588235
75.0,19.306725,-99.182521,144117.64705882352
130.0,19.486507,-99.119751,176176.4705882353
84.0,19.287598,-99.14769,172841.35294117648
87.0,19.432657,-99.177444,259764.70588235295
70.0,19.365843,-99.149901,85882.35294117648
80.0,19.368568,-99.15031,97058.82352941176
102.0,19.50384,-99.130804,66470.58823529411
70.0,19.457129,-99.174456,68536.88235294117
83.0,19.302656,-99.111725,182882.35294117648
69.0,19.474559,-99.187221,155263.5294117647
85.0,19.441809,-99.156423,67895.23529411765
60.0,19.449997,-99.18117,82352.94117647059
98.0,19.3756773,-99.1546074,229411.76470588235
50.0,19.287188,-99.170525,76470.58823529411
53.0,19.331932,-99.246689,138235.29411764705
96.0,19.379879,-99.169157,173529.41176470587
90.0,19.427649,-99.176003,195642.9411764706
130.0,19.478428,-99.207996,188235.29411764705
64.0,19.383446,-99.137643,73529.41176470589
85.0,19.460913,-99.12858,50870.58823529412
50.0,19.3579916,-99.0648692,46176.470588235294
70.0,19.40263,-99.078233,51521.470588235294
100.0,19.376116,-99.171601,75686.29411764706
90.0,19.404442,-99.162688,84941.17647058824
59.0,19.46731,-99.133163,92941.17647058824
60.0,19.383547,-99.074514,71372.5294117647
56.0,,,27747.529411764706
80.0,19.377369,-99.198052,71588.23529411765
100.0,19.394358,-99.177444,256388.23529411765
77.0,19.4959960885,-99.2017929554,32175.0
80.0,,,47058.82352941176
70.0,19.342508,-99.137204,85294.11764705883
102.0,19.47941,-99.186176,81159.5294117647
86.0,19.3803931,-99.1476908,163212.82352941178
57.0,19.366738,-99.14554,72000.0
70.0,19.385853,-99.137921,88235.29411764706
108.0,19.4482164,-99.1589625,211647.0588235294
110.0,19.347895,-99.187492,114902.0
81.0,19.436738,-99.138619,51495.882352941175
50.0,19.318662,-99.07476,32964.705882352944
92.0,19.367424,-99.185753,176470.58823529413
96.0,19.318989,-99.094437,164705.88235294117
50.0,19.371745,-99.212281,26705.882352941175
63.0,19.394358,-99.177444,187705.88235294117
60.0,19.352333,-99.121169,69089.11764705883
55.0,19.460913,-99.12858,17647.058823529413
75.0,19.338589,-99.117762,112058.82352941176
70.0,19.386033,-99.18296,77058.82352941176
65.0,19.46731,-99.133163,29867.647058823528
62.0,19.4306069,-99.0949899,41176.470588235294
121.0,19.2990233,-99.0436467,88813.64705882352
60.0,19.440935,-99.188522,217647.0588235294
70.0,19.366738,-99.14554,71411.76470588235
60.0,19.343558,-99.15189,75450.94117647059
65.0,19.472155,-99.161186,104411.76470588235
90.0,19.35782,-99.149406,76176.4705882353
63.0,19.47517,-99.152534,138894.0
65.0,19.446829,-99.159454,182058.82352941178
75.0,,,110294.11764705883
75.0,19.372248,-99.133377,63226.58823529412
78.0,19.3499358,-99.2906864,170588.23529411765
87.0,19.403014,-99.158422,223529.41176470587
64.0,19.3604024,-99.1497664,102705.88235294117
60.0,19.37197,-99.175052,91764.70588235294
83.0,19.33923,-99.218987,164705.88235294117
125.0,19.428622,-99.14602,89117.64705882352
95.0,19.443178,-99.20237,178705.88235294117
74.0,19.394628,-99.143842,82352.94117647059
65.0,19.311038,-99.101601,22941.176470588234
87.0,19.368264,-99.15925,164705.88235294117
65.0,19.346609,-99.072311,67647.05882352941
78.0,19.3499358,-99.2906864,182352.9411764706
70.0,19.377171,-99.188503,100588.23529411765
50.0,19.317698,-99.061256,50000.0
65.0,,,118147.05882352941
116.0,19.388044,-99.185753,105701.76470588235
60.0,19.473693,-99.164851,48784.294117647056
100.0,19.364967,-99.1428406,203818.82352941178
50.0,19.422817,-99.058911,30687.647058823528
101.0,19.409759,-99.181234,385582.35294117645
88.0,19.406622,-99.124168,117058.82352941176
74.0,19.323066,-99.1393153,191176.4705882353
90.0,19.361993,-99.137782,60588.23529411765
54.0,19.538431,-99.143669,36705.882352941175
75.0,19.406489,-99.133375,37395.76470588235
126.0,19.2990233,-99.0436467,92847.64705882352
66.0,,,54240.94117647059
65.0,19.476817,-99.188708,27223.058823529413
102.0,19.396593,-99.133163,102058.82352941176
55.0,19.377523,-99.193103,65294.117647058825
69.0,19.452689,-99.117987,40494.117647058825
105.0,19.387209,-99.222038,97058.82352941176
60.0,,,118764.70588235294
64.0,19.457911,-99.144234,98352.94117647059
84.0,19.44661,-99.160309,116470.58823529411
87.0,19.417364,-99.159454,176470.58823529413
52.0,19.455518,-99.123801,68058.82352941176
67.0,19.461871,-99.129227,67058.82352941176
80.0,19.39942,-99.141673,68805.35294117648
100.0,,,152176.4705882353
60.0,19.524143,-99.160149,38235.294117647056
60.0,19.440935,-99.188522,232352.9411764706
53.0,19.519199,-99.151759,35294.117647058825
80.0,19.443903,-99.171681,58549.0
75.0,19.392349,-99.07093,64705.882352941175
107.0,19.417364,-99.159454,352941.17647058825
55.0,19.445743,-99.174986,42528.58823529412
80.0,19.446873,-99.158503,60211.76470588235
130.0,19.494455,-99.127874,176176.4705882353
96.0,19.400349,-99.095037,88235.29411764706
53.0,19.331932,-99.246689,188235.29411764705
65.0,19.392425,-99.140582,105882.35294117648
85.0,19.2963742,-99.1186279,73529.41176470589
64.0,19.390062,-99.192293,105882.35294117648
60.0,19.386385,-99.142736,49324.82352941176
83.0,19.305561,-99.171219,187529.41176470587
50.0,19.404661,-99.133858,88235.29411764706
50.0,19.410307,-99.065399,48235.294117647056
62.0,19.39365,-99.14769,170509.17647058822
60.0,19.328833,-99.133163,119117.64705882352
85.0,19.457982,-99.19269,49764.705882352944
120.0,19.417364,-99.159454,117647.05882352941
80.0,19.391579,-99.182986,49869.294117647056
60.0,19.452473,-99.168346,65505.882352941175
96.0,19.35631752,-99.28826141,238235.29411764705
100.0,19.395268,-99.175265,367647.0588235294
75.0,19.391819,-99.188639,145265.76470588235
100.0,19.396504,-99.174624,152941.17647058822
50.0,,,29176.470588235294
110.0,19.381729,-99.164986,200000.0
70.0,19.387209,-99.222038,109294.11764705883
120.0,19.390748,-99.158695,147058.82352941178
80.0,19.448187,-99.161176,37941.17647058824
74.0,19.396705,-99.181902,96852.94117647059
70.0,19.379802,-99.111326,35264.705882352944
60.0,19.501818,-99.116044,39167.05882352941
78.0,19.322523,-99.141464,167647.0588235294
80.0,19.370042,-99.191442,140000.0
90.0,,,103912.94117647059
67.0,19.3653,-99.148217,71176.4705882353
60.0,19.386852,-99.194748,40529.41176470588
96.0,19.391557,-99.180725,58823.529411764706
58.0,19.386852,-99.194748,74117.64705882352
144.0,19.382986,-99.241837,351764.70588235295
74.0,,,42323.470588235294
60.0,19.383078,-99.185903,80106.11764705883
58.0,19.386852,-99.194748,95294.11764705883
65.0,19.364891,-99.148384,118147.05882352941
65.0,19.36269,-99.150565,74117.64705882352
80.0,19.385027,-99.223488,37647.05882352941
60.0,19.334265,-99.205021,47529.41176470588
109.0,19.41498,-99.177444,329411.76470588235
102.0,19.502632,-99.20617,73529.41176470589
85.0,19.401819,-99.184615,81235.29411764706
95.0,19.3628631,-99.1739857,226470.58823529413
80.0,19.431757,-99.161922,123921.58823529411
66.0,19.458968,-99.152898,24705.882352941175
100.0,19.432901,-99.213075,258182.35294117648
60.0,19.486021,-99.118413,53835.294117647056
70.0,,,74882.35294117648
114.0,19.381729,-99.164986,316364.70588235295
50.0,19.41275,-99.126007,40070.82352941176
56.0,19.39365,-99.14769,215984.9411764706
63.0,19.417923,-99.148384,86135.29411764706
55.0,19.422817,-99.058911,30687.647058823528
125.0,19.385472,-99.256456,235705.88235294117
120.0,19.367931,-99.170262,134117.64705882352
80.0,19.35782,-99.149406,94117.64705882352
73.0,19.364891,-99.148384,150452.9411764706
65.0,19.365917,-99.196977,44705.882352941175
60.0,19.405298,-99.164986,71490.17647058824
83.0,,,219705.88235294117
61.0,19.3200381,-99.082512,57647.05882352941
60.0,19.3736979,-99.1933122,165823.5294117647
90.0,19.306092,-99.113431,61673.529411764706
105.0,19.39516,-99.168487,317647.0588235294
65.0,,,111764.70588235294
60.0,19.311038,-99.101601,22941.176470588234
59.0,19.4558491807,-99.2046815157,47058.82352941176
95.0,19.414261,-99.104118,147058.82352941178
60.0,19.377811,-99.197508,91176.4705882353
65.0,19.3865940087,-99.1936147213,96764.70588235294
60.0,19.328243,-99.077778,38235.294117647056
57.0,19.328392,-99.087854,51352.94117647059
100.0,19.2963762,-99.1781383,292941.17647058825
54.0,19.342083,-99.0532159,38888.23529411765
60.0,19.4327514,-99.1517197,129411.76470588235
80.0,,,141176.4705882353
55.0,19.439253,-99.163605,98823.5294117647
101.0,19.381691,-99.158135,70610.58823529411
58.0,,,103965.58823529411
88.0,19.516777,-99.160149,70588.23529411765
90.0,19.42196,-99.174559,108725.11764705883
70.0,19.372724,-99.137094,44529.41176470588
120.0,19.4195256,-99.162549,352941.17647058825
60.0,19.457982,-99.19269,49764.705882352944
130.0,,,241176.4705882353
65.0,19.3794059,-99.1591446,123705.88235294117
91.0,19.4503249,-99.1351802,88235.29411764706
59.0,19.523798,-99.155941,40411.76470588235
81.0,19.362511,-99.166374,180676.4705882353
70.0,19.335364,-99.024154,37411.76470588235
137.0,19.3302564,-99.2575527,350000.0
97.0,19.400249,-99.177444,220588.23529411765
54.0,19.500817,-99.184177,48823.529411764706
115.0,19.4024797,-99.1565217,268235.29411764705
95.0,19.394358,-99.177444,170588.23529411765
63.0,19.2990233,-99.0436467,91684.70588235294
70.0,19.336994,-99.162355,71341.88235294117
130.0,19.419271,-99.154018,108823.5294117647
70.0,19.36243,-99.176957,45294.117647058825
58.0,19.506042,-99.153915,117647.05882352941
69.0,19.329989,-99.085524,40764.705882352944
111.0,19.3753973563,-99.1734831344,379411.76470588235
80.0,19.3499358,-99.2906864,182352.9411764706
68.0,19.461349,-99.149071,33452.705882352944
60.0,19.387868,-99.142256,44705.882352941175
50.0,19.443592,-99.121407,38176.470588235294
125.0,19.392978,-99.1760298,357000.0
125.0,19.3737616972,-99.1773503087,205294.11764705883
81.0,,,161935.29411764705
73.0,,,333764.70588235295
102.0,19.333154,-99.241137,258823.5294117647
135.0,23.634501,-102.552788,377058.82352941175
52.0,,,24705.882352941175
70.0,19.366996,-99.191824,44396.470588235294
80.0,,,70588.23529411765
63.0,19.394358,-99.177444,187705.88235294117
75.0,,,53699.58823529412
65.0,19.366901,-99.297272,121600.0
107.0,19.368475,-99.17952,188235.29411764705
120.0,19.384533,-99.183172,211764.70588235295
64.0,19.386852,-99.194748,129022.5294117647
58.0,19.370822,-99.105239,40000.0
70.0,19.366302,-99.193367,135974.70588235295
60.0,19.443178,-99.144234,47647.05882352941
60.0,19.3703924,-99.1249413,27647.058823529413
70.0,19.475187,-99.175019,55006.529411764706
60.0,19.402944,-99.199727,63594.117647058825
90.0,19.391819,-99.188639,80000.0
74.0,19.39365,-99.14769,173335.29411764705
65.0,19.446829,-99.159454,182058.82352941178
75.0,19.39942,-99.141673,68805.35294117648
60.0,19.399375,-99.149986,59352.94117647059
50.0,19.455243,-99.184091,39019.58823529412
60.0,19.400623,-99.14173,62352.94117647059
50.0,19.28008,-99.217066,54295.94117647059
62.0,19.3847719,-99.1664667,105882.35294117648
133.0,19.3036292,-99.2239303,364705.8823529412
90.0,19.431629,-99.162762,147294.11764705883
85.0,19.391922,-99.151466,192941.17647058822
70.0,19.3845952529,-99.1984791771,135294.11764705883
67.0,19.493185,-99.205755,43529.41176470588
65.0,19.439946,-99.099697,78823.5294117647
70.0,19.379765,-99.150386,63568.58823529412
111.0,19.374796,-99.1522,275223.5294117647
77.0,19.49551,-99.201675,39764.705882352944
70.0,19.35944,-99.217652,39782.35294117647
60.0,19.382649,-99.143384,49324.82352941176
80.0,19.487856,-99.0909786,48235.294117647056
69.0,19.289772,-99.05598,29411.764705882353
104.0,19.302422,-99.230829,116000.0
64.0,19.386852,-99.194748,129022.5294117647
51.0,19.452689,-99.117987,64705.882352941175
56.0,19.392349,-99.07093,50000.0
87.0,19.348122,-99.125716,97000.0
51.0,19.473415,-99.143539,76882.35294117648
52.0,19.392349,-99.07093,68705.88235294117
93.0,19.387579,-99.170353,122941.17647058824
75.0,19.455894,-99.18355,39607.82352941176
60.0,19.414009,-99.142481,39962.705882352944
65.0,19.474655,-99.189277,50588.23529411765
51.0,19.342083,-99.0532159,25575.0
56.0,19.525082,-99.144372,39388.23529411765
100.0,19.395268,-99.175265,367647.0588235294
75.0,19.4302678,-99.1373136,57352.94117647059
130.0,,,271170.5882352941
90.0,19.446852,-99.154461,56894.117647058825
120.0,19.366901,-99.297272,197647.0588235294
78.0,19.3499358,-99.2906864,188235.29411764705
80.0,19.396593,-99.133163,57025.705882352944
79.0,19.309208,-99.171906,126470.58823529411
84.0,19.40012,-99.1532,104941.17647058824
60.0,19.328669,-99.070529,38235.294117647056
91.0,19.336195,-99.23692,101294.11764705883
65.0,19.346609,-99.072311,67647.05882352941
66.0,19.336195,-99.23692,109411.76470588235
72.0,19.3776513,-99.1284592,117647.05882352941
70.0,19.305984,-99.127341,119823.5294117647
113.0,19.421006,-99.168362,101568.58823529411
71.0,19.52589,-99.151703,54205.882352941175
55.0,19.372684,-99.183678,158823.5294117647
63.0,19.322154,-99.134395,123529.41176470589
61.0,19.376392,-99.192439,58823.529411764706
72.0,19.442791,-99.124128,38235.294117647056
66.0,19.38499,-99.227853,55686.294117647056
70.0,19.371534,-99.150542,137941.17647058822
55.0,19.439253,-99.163605,98823.5294117647
94.0,,,54117.64705882353
70.0,19.377033,-99.129878,54294.117647058825
87.0,19.436516,-99.173988,290905.8823529412
104.0,19.371132,-99.173156,108549.0
90.0,19.307951,-99.134178,129889.41176470589
79.0,,,67058.82352941176
70.0,19.387245,-99.147388,138235.29411764705
68.0,19.453691,-99.180039,58823.529411764706
145.0,19.420166,-99.220367,24705.882352941175
51.0,19.392349,-99.07093,49305.470588235294
110.0,19.3445052,-99.2738167,376470.5882352941
106.0,19.350054,-99.123476,169411.76470588235
90.0,19.380953,-99.245651,43588.23529411765
110.0,19.389067,-99.162824,94305.88235294117
96.0,19.39229,-99.182018,77058.82352941176
56.0,19.444584,-99.174675,101529.41176470589
69.0,19.374473,-99.142868,144823.5294117647
65.0,19.456941,-99.156312,28823.529411764706
90.0,19.358675,-99.273838,252941.17647058822
60.0,19.307417,-99.125191,30366.764705882353
55.0,19.313175,-99.115,66352.94117647059
80.0,19.39365,-99.14769,169941.17647058822
50.0,19.440147,-99.172286,56241.64705882353
55.0,19.517644,-99.138753,35342.35294117647
65.0,19.45337,-99.181695,138235.29411764705
113.0,19.383364,-99.168089,144745.0588235294
85.0,19.347664,-99.125001,94900.0
62.0,19.4306069,-99.0949899,131418.9411764706
70.0,19.401819,-99.184615,87647.05882352941
58.0,,,103965.58823529411
80.0,19.481886,-99.112749,73105.88235294117
100.0,19.398511,-99.136721,88235.29411764706
90.0,19.400785,-99.147419,105882.35294117648
90.0,19.38828,-99.195529,30082.352941176472
141.0,19.386296,-99.090987,205882.35294117648
60.0,19.365533,-99.1923,46729.41176470588
59.0,19.47963,-99.093286,70000.0
55.0,19.375412,-99.144234,79411.76470588235
75.0,19.486385,-99.181492,32352.941176470587
62.0,19.455159,-99.200508,56470.58823529412
80.0,23.634501,-102.552788,192233.17647058822
70.0,19.441809,-99.156423,59705.882352941175
70.0,19.443903,-99.171681,58549.0
65.0,19.333901,-99.240356,95647.05882352941
126.0,19.391074,-99.165737,179411.76470588235
100.0,19.358023,-99.171387,176470.58823529413
90.0,19.453036,-99.15556,52486.23529411765
70.0,19.49662,-99.185876,52588.23529411765
130.0,19.327168,-99.224525,332352.9411764706
100.0,19.380644,-99.179176,182352.9411764706
60.0,19.462598,-99.131469,37058.82352941176
80.0,19.469769,-99.157379,161470.58823529413
80.0,19.410412,-99.098521,62176.470588235294
55.0,19.365533,-99.1923,44690.58823529412
95.0,19.365766,-99.263112,201176.4705882353
80.0,19.35944,-99.217652,40370.58823529412
83.0,19.342083,-99.0532159,58685.0
100.0,19.368058,-99.218337,94705.88235294117
63.0,19.3012,-99.116511,48235.294117647056
50.0,,,34705.882352941175
92.0,19.270821,-99.152303,160827.29411764705
55.0,19.374704,-99.1404,45294.117647058825
93.0,19.358585,-99.185753,251711.76470588235
80.0,19.427072,-99.166079,107058.82352941176
80.0,19.469769,-99.157379,161470.58823529413
79.0,19.4594892,-99.1221422,37723.529411764706
103.0,19.36269,-99.150565,74117.64705882352
100.0,19.366078,-99.141746,148235.29411764705
82.0,19.3018442,-99.140989,146470.58823529413
55.0,19.387868,-99.142256,44117.64705882353
120.0,19.403561,-99.156308,276470.5882352941
70.0,19.395835,-99.135191,86470.58823529411
108.0,,,202941.17647058822
53.0,19.459691,-99.155801,52941.17647058824
60.0,23.634501,-102.552788,98823.5294117647
100.0,19.439687,-99.182971,320588.23529411765
80.0,19.4809432,-99.1274918,132352.9411764706
50.0,19.41084,-99.120408,43436.35294117647
125.0,19.3349552,-99.2233579,229411.76470588235
55.0,19.428622,-99.14602,53921.58823529412
130.0,,,25462.823529411766
90.0,19.281423,-99.141801,54086.58823529412
70.0,19.363542,-99.224084,52352.94117647059
70.0,19.43895,-99.161234,40588.23529411765
70.0,19.440943,-99.09249,88235.29411764706
57.0,19.342083,-99.0532159,32615.0
95.0,19.39912,-99.141464,68805.35294117648
125.0,19.334955,-99.223358,222941.17647058822
128.0,19.399399,-99.138033,194117.64705882352
96.0,19.421903,-99.166654,235294.11764705883
70.0,19.456941,-99.156312,28823.529411764706
98.0,19.418578,-99.17134,111941.17647058824
60.0,19.415143,-99.14685,60352.94117647059
53.0,19.382059,-99.2156059,135294.11764705883
62.0,19.4126915168,-99.1277845949,50882.35294117647
79.0,,,158952.9411764706
130.0,19.394358,-99.177444,370588.23529411765
60.0,19.36461,-99.14455,105882.35294117648
113.0,19.420936,-99.168425,101568.58823529411
55.0,19.439253,-99.163605,92941.17647058824
105.0,19.422225,-99.167137,83764.70588235294
70.0,19.448187,-99.161176,43341.17647058824
84.0,19.287598,-99.14769,172841.35294117648
71.0,19.421989,-99.110763,58823.529411764706
85.0,19.430141,-99.172536,125686.23529411765
55.0,19.439253,-99.163605,98823.5294117647
77.0,19.39912,-99.141464,164705.88235294117
80.0,19.3499358,-99.2906864,182352.9411764706
50.0,19.334868,-99.060641,36745.117647058825
90.0,19.401312,-99.173525,77254.88235294117
137.0,19.275206,-99.218292,364705.8823529412
133.0,19.375644,-99.163019,341176.4705882353
98.0,19.3680133,-99.1621111,227823.5294117647
86.0,19.381729,-99.164986,100000.0
107.0,19.374796,-99.1522,293497.0588235294
83.0,19.33923,-99.218987,223529.41176470587
65.0,19.444584,-99.174675,38235.294117647056
80.0,19.48888,-99.179278,57380.05882352941
85.0,19.394628,-99.143842,82352.94117647059
65.0,19.376456,-99.145563,64458.82352941176
54.0,19.4285813,-99.0609099,41176.470588235294
120.0,19.5029542,-99.122192,147058.82352941178
80.0,23.634501,-102.552788,139411.76470588235
65.0,19.38855,-99.055877,28852.352941176472
75.0,19.394628,-99.143842,82352.94117647059
95.0,19.394358,-99.177444,176470.58823529413
91.0,19.336195,-99.23692,101294.11764705883
70.0,19.41263,-99.155464,78941.17647058824
61.0,19.2990233,-99.0436467,60461.58823529412
69.0,19.396538,-99.141249,82352.94117647059
108.0,19.390031,-99.174182,234117.64705882352
74.0,19.377651,-99.128459,105882.35294117648
107.0,19.378533,-99.187561,88676.4705882353
85.0,19.368544,-99.163605,214705.88235294117
58.0,19.283605,-99.19472,25705.882352941175
65.0,19.395097,-99.150424,59350.17647058824
144.0,19.3447,-99.212753,364705.8823529412
95.0,19.370046,-99.146155,88235.29411764706
60.0,19.36461,-99.14455,110000.0
104.0,19.371132,-99.173156,108549.0
129.0,19.390748,-99.158695,129411.76470588235
70.0,19.384037,-99.140704,173529.41176470587
70.0,19.490177,-99.205132,38882.35294117647
87.0,,,347058.82352941175
70.0,19.384955,-99.227837,56862.705882352944
120.0,19.367931,-99.170262,133529.41176470587
120.0,19.405298,-99.164986,371411.76470588235
51.0,19.473415,-99.143539,76882.35294117648
70.0,19.3934821,-99.137825,114705.88235294117
110.0,19.432657,-99.177444,235294.11764705883
80.0,19.388662,-99.147988,98039.23529411765
120.0,19.356062,-99.191978,273058.82352941175
83.0,19.305561,-99.171219,187529.41176470587
96.0,19.41498,-99.177444,319117.64705882355
59.0,19.524143,-99.160149,17996.470588235294
76.0,19.429183,-99.139946,43470.58823529412
55.0,19.451685,-99.157107,42382.35294117647
70.0,19.416376,-99.157502,72666.64705882352
105.0,19.404442,-99.162688,84352.94117647059
97.0,19.430141,-99.172536,116470.58823529411
65.0,19.446829,-99.159454,182058.82352941178
59.0,,,156215.29411764705
60.0,19.396705,-99.181902,86564.70588235294
136.0,23.634501,-102.552788,185294.11764705883
100.0,19.368925,-99.17846,264705.8823529412
80.0,19.328705,-99.164986,54588.23529411765
80.0,19.3499358,-99.2906864,182352.9411764706
78.0,,,168400.0
95.0,19.440569,-99.177506,56235.294117647056
98.0,19.380937,-99.179545,164705.88235294117
59.0,19.490054,-99.093551,38235.294117647056
84.0,,,264705.8823529412
50.0,19.486053,-99.109844,24988.235294117647
70.0,19.368823,-99.224603,62392.117647058825
65.0,19.453854,-99.193979,40023.529411764706
75.0,19.457982,-99.19269,53235.294117647056
80.0,19.357504,-99.234987,49531.58823529412
61.0,19.27362,-99.155521,54673.05882352941
60.0,19.395097,-99.150424,59350.17647058824
63.0,,,21058.823529411766
80.0,19.39912,-99.141464,158823.5294117647
90.0,19.365766,-99.263112,201176.4705882353
56.0,19.392349,-99.07093,50000.0
60.0,19.365584,-99.192475,44690.58823529412
60.0,19.451919,-99.131919,43647.05882352941
150.0,19.360389,-99.157155,138074.4705882353
80.0,19.42116,-99.161997,103823.5294117647
70.0,19.304502,-99.123118,53235.294117647056
80.0,19.365843,-99.149901,65470.705882352944
56.0,19.456993,-99.118637,54764.705882352944
137.0,19.275206,-99.218292,364705.8823529412
60.0,19.369859,-99.135812,30000.0
86.0,19.381729,-99.164986,170588.23529411765
60.0,19.383799,-99.10155,33015.882352941175
118.0,19.381729,-99.164986,284009.17647058825
70.0,19.36269,-99.150565,74117.64705882352
70.0,19.450342,-99.126058,31764.70588235294
75.0,19.363254,-99.174611,90705.88235294117
83.0,19.341894,-99.224525,156370.58823529413
105.0,19.441727,-99.201396,279529.4117647059
70.0,,,31588.235294117647
65.0,19.461662,-99.190926,34705.882352941175
107.0,19.385989,-99.186285,88676.4705882353
52.0,19.469681,-99.086136,67647.05882352941
96.0,19.341894,-99.224525,191000.0
90.0,19.397956,-99.146058,205470.58823529413
53.0,,,52352.94117647059
90.0,19.449216,-99.175596,46666.64705882353
75.0,,,66453.23529411765
111.0,19.360543,-99.207879,381705.8823529412
75.0,19.444538,-99.162752,36588.23529411765
90.0,19.494455,-99.127874,176176.4705882353
90.0,,,90000.0
70.0,19.366448,-99.21224,49531.58823529412
85.0,19.391953,-99.108269,111764.70588235294
65.0,19.472155,-99.161186,104411.76470588235
125.0,19.377836,-99.222906,258823.5294117647
55.0,19.460913,-99.12858,17647.058823529413
74.0,19.394073,-99.153915,190217.64705882352
90.0,19.410444,-99.173667,119960.82352941176
50.0,19.468775,-99.115636,67290.76470588235
98.0,19.394358,-99.177444,298547.0588235294
70.0,19.365843,-99.149901,85882.35294117648
89.0,19.318989,-99.094437,147058.82352941178
70.0,19.455944,-99.211803,51019.58823529412
60.0,19.396705,-99.181902,92776.4705882353
98.0,19.418578,-99.17134,111352.94117647059
71.0,19.49551,-99.201675,62784.294117647056
84.0,19.40012,-99.1532,104941.17647058824
70.0,19.408179,-99.148713,24705.882352941175
70.0,19.363542,-99.224084,52352.94117647059
70.0,19.374721,-99.140098,87058.82352941176
90.0,19.3701781,-99.1893281,188235.29411764705
120.0,19.376589,-99.153107,288235.29411764705
60.0,19.403109,-99.150557,64411.76470588235
100.0,19.4032833,-99.1821858,237996.4705882353
50.0,19.285943,-99.044333,31058.823529411766
90.0,19.36269,-99.150565,74117.64705882352
65.0,19.486808,-99.18371,33247.05882352941
144.0,19.392937,-99.263313,352941.17647058825
98.0,19.2790911,-99.2114234,146211.76470588235
90.0,19.40359,-99.169904,217647.0588235294
85.0,19.365843,-99.149901,85882.35294117648
128.0,19.399818,-99.150869,134117.64705882352
55.0,,,73529.41176470589
69.0,19.302076,-99.049427,37882.35294117647
135.0,19.394073,-99.153915,300000.0
100.0,19.368335,-99.178389,99235.29411764706
90.0,19.477476,-99.093448,44705.882352941175
55.0,19.520214,-99.135933,35342.35294117647
85.0,19.3320226,-99.2446842,200000.0
59.0,19.524143,-99.160149,38235.294117647056
52.0,19.41066,-99.070237,51588.23529411765
130.0,19.477576,-99.117656,147058.82352941178
80.0,19.303392,-99.243225,58596.294117647056
55.0,19.392349,-99.07093,58823.529411764706
101.0,19.381729,-99.164986,227266.4705882353
50.0,19.299713,-99.037758,30529.41176470588
65.0,19.384808,-99.137496,73529.41176470589
83.0,,,178023.5294117647
80.0,19.308685,-99.148313,92588.23529411765
74.0,19.39365,-99.14769,190217.64705882352
71.0,,,76213.4705882353
54.0,19.3638234,-99.1444714,164411.76470588235
64.0,19.476817,-99.188708,35930.76470588235
50.0,19.461306,-99.127826,37058.82352941176
90.0,19.436404,-99.173617,100663.70588235294
96.0,19.41498,-99.177444,319117.64705882355
68.0,19.487729,-99.10539,32764.70588235294
55.0,19.394361,-99.082092,64734.705882352944
90.0,19.392382,-99.187073,96039.17647058824
88.0,,,200682.35294117648
98.0,19.361269,-99.17193,227823.5294117647
80.0,19.37335,-99.174777,57921.58823529412
68.0,19.4306069,-99.0949899,42647.05882352941
78.0,19.361837,-99.22252,44117.64705882353
120.0,19.405298,-99.164986,371411.76470588235
119.0,19.406318,-99.155583,369411.76470588235
60.0,19.326215,-99.044148,25588.235294117647
69.0,19.472155,-99.161186,104117.64705882352
90.0,19.368823,-99.224603,61803.882352941175
80.0,19.395097,-99.150424,59350.117647058825
107.0,19.398674,-99.132421,102058.82352941176
80.0,19.333901,-99.240356,205882.35294117648
60.0,19.508114,-99.197712,33117.64705882353
60.0,19.472481,-99.182374,35881.82352941176
95.0,19.410822,-99.187311,114117.64705882352
60.0,19.393197,-99.144334,126470.58823529411
57.0,19.408949,-99.180214,276114.70588235295
63.0,19.308076,-99.167762,48205.882352941175
86.0,19.365865,-99.148341,107411.76470588235
60.0,,,31823.529411764706
136.0,19.401509,-99.154034,88394.05882352941
70.0,19.310943,-99.049669,45317.64705882353
80.0,19.367424,-99.185753,150000.0
90.0,19.317534,-99.058491,38588.23529411765
80.0,19.335103,-99.235722,73529.41176470589
100.0,19.3605334,-99.2267067,184705.88235294117
80.0,19.45962,-99.188639,132352.9411764706
87.0,19.400249,-99.177444,202941.17647058822
85.0,19.428324,-99.176337,195642.88235294117
115.0,19.380951,-99.13662,100588.23529411765
65.0,19.439131,-99.161361,41131.17647058824
140.0,19.433899,-99.210721,382294.1176470588
105.0,19.408904,-99.174556,119372.5294117647
60.0,19.438456,-99.150497,33120.0
64.0,19.375412,-99.144234,140493.11764705883
60.0,19.488871,-99.109581,44117.64705882353
58.0,19.386852,-99.194748,95294.11764705883
85.0,19.343979,-99.124863,96980.0
90.0,19.440749,-99.141649,88823.5294117647
101.0,19.3668017,-99.1724994,235588.23529411765
80.0,19.387651,-99.142257,44117.64705882353
60.0,19.4306069,-99.0949899,128162.23529411765
85.0,19.368475,-99.17952,170588.23529411765
80.0,19.407816,-99.129707,62352.94117647059
90.0,19.452331,-99.177162,81764.70588235294
120.0,,,270588.23529411765
68.0,19.307737,-99.047271,35529.41176470588
68.0,19.472155,-99.161186,114708.70588235294
70.0,19.38512,-99.164668,129411.76470588235
145.0,19.387245,-99.147388,138235.29411764705
122.0,19.390912,-99.172242,285294.1176470588
70.0,19.292877,-99.117048,90518.82352941176
145.0,,,371717.64705882355
74.0,19.405298,-99.164986,251764.70588235295
57.0,19.3217152,-99.2645126,32615.0
115.0,19.432657,-99.177444,150784.29411764705
60.0,19.441879,-99.167819,35705.882352941175
65.0,19.328366,-99.114767,63411.76470588235
75.0,19.387245,-99.147388,138235.29411764705
50.0,19.317698,-99.061256,50000.0
90.0,19.444966,-99.202496,117019.29411764706
128.0,19.366315,-99.162803,270858.82352941175
50.0,19.363343,-99.224118,49531.64705882353
55.0,,,63490.35294117647
69.0,19.470991,-99.168165,49294.117647058825
74.0,19.405298,-99.164986,251764.70588235295
69.0,19.446256,-99.147767,54764.705882352944
90.0,19.39516,-99.168487,102143.94117647059
84.0,19.400004,-99.16735,219705.88235294117
65.0,19.472155,-99.161186,105000.0
74.0,19.364891,-99.148384,168400.0
95.0,19.509213,-99.1407,147058.82352941178
60.0,19.445743,-99.174986,42528.58823529412
100.0,19.323593,-99.216426,288823.5294117647
135.0,19.329109,-99.127632,235294.11764705883
50.0,19.317698,-99.061256,50000.0
70.0,19.562385,-99.141146,42440.0
90.0,19.473486,-99.185753,90028.5294117647
52.0,19.363469,-99.010141,15813.529411764706
70.0,19.452419,-99.175058,57647.05882352941
115.0,19.42052,-99.152161,99411.76470588235
80.0,19.375223,-99.182056,76000.0
130.0,19.39468,-99.180172,323529.4117647059
70.0,,,111764.70588235294
80.0,19.470215,-99.140075,52912.05882352941
130.0,19.494455,-99.127874,176176.4705882353
90.0,19.392185,-99.135357,69411.76470588235
54.0,19.38642,-99.222521,37647.05882352941
78.0,19.396893,-99.152302,95882.35294117648
65.0,19.474446,-99.088493,39787.05882352941
60.0,19.477389,-99.150971,50000.0
56.0,19.362363,-99.017827,37380.58823529412
69.0,19.2990233,-99.0436467,61350.35294117647
64.0,19.386551,-99.193708,96647.05882352941
91.0,19.309208,-99.171906,48235.294117647056
100.0,19.355921,-99.180214,279411.76470588235
55.0,19.453854,-99.193979,40023.529411764706
70.0,19.283701,-99.220215,96182.94117647059
65.0,19.3679526,-99.2983107,121600.0
95.0,19.314216,-99.135841,96174.5294117647
54.0,19.365427,-99.243484,32352.941176470587
96.0,19.391557,-99.180726,59411.76470588235
91.0,19.341894,-99.224525,174647.0588235294
120.0,19.369335,-99.191614,145294.11764705883
86.0,19.388044,-99.185753,96852.94117647059
150.0,19.315335,-99.102928,121294.11764705883
83.0,,,219705.88235294117
57.0,19.366738,-99.14554,72000.0
50.0,19.287188,-99.170525,76470.58823529411
80.0,19.437147,-99.167073,58823.529411764706
90.0,19.445816,-99.170462,67037.35294117648
60.0,19.408155,-99.107965,43436.294117647056
64.0,19.410307,-99.065399,100000.0
60.0,19.51918,-99.143403,39058.82352941176
70.0,19.365624,-99.196608,49861.17647058824
85.0,19.451809,-99.170181,52235.294117647056
57.0,19.345152,-99.197821,99952.94117647059
50.0,19.305666,-99.051631,43823.529411764706
67.0,19.428152,-99.106194,88235.29411764706
80.0,19.417364,-99.159454,114705.88235294117
96.0,19.41498,-99.177444,319117.64705882355
62.0,19.445553,-99.097057,56869.470588235294
93.0,19.387579,-99.170353,122941.17647058824
80.0,19.434723,-99.175887,147117.64705882352
59.0,19.511437,-99.133339,38647.05882352941
50.0,19.404288,-99.119604,68827.94117647059
70.0,19.527514,-99.15184,51463.529411764706
123.0,,,229411.76470588235
62.0,19.454332,-99.200287,56470.58823529412
85.0,19.199665,-99.153915,105882.35294117648
133.0,19.275206,-99.218292,382352.9411764706
60.0,19.305233,-99.12269,53235.294117647056
85.0,19.44661,-99.160309,116470.58823529411
60.0,19.299713,-99.037758,38529.41176470588
65.0,19.454332,-99.200287,53705.882352941175
61.0,19.432635,-99.172921,223529.41176470587
50.0,19.29707,-99.051074,24588.235294117647
110.0,19.387245,-99.147388,138235.29411764705
80.0,19.469689,-99.085457,52941.17647058824
63.0,19.417363,-99.068463,44734.117647058825
56.0,19.3707909,-99.1370465,55882.35294117647
56.0,19.456993,-99.118637,54764.705882352944
53.0,19.264647,-99.112747,67647.05882352941
50.0,,,20882.352941176472
65.0,19.366901,-99.297272,121600.0
60.0,19.359407,-99.060657,49433.117647058825
60.0,19.397531,-99.182964,65058.82352941176
50.0,19.325608,-99.06112,57588.23529411765
111.0,19.326756,-99.117844,67235.29411764706
86.0,19.388044,-99.185753,85658.82352941176
79.0,19.3670983,-99.1624422,167176.4705882353
80.0,19.432581,-99.163438,323529.4117647059
60.0,19.328833,-99.133163,119117.64705882352
92.0,,,83544.82352941176
70.0,19.35782,-99.149406,59277.0
87.0,19.4396219801,-99.1828966141,282352.9411764706
50.0,19.336195,-99.23692,59117.64705882353
80.0,19.469769,-99.157379,161470.58823529413
65.0,19.496491,-99.149702,65058.82352941176
62.0,19.431252,-99.146999,44117.64705882353
70.0,19.306256,-99.236671,32882.35294117647
80.0,19.371132,-99.173156,107960.76470588235
70.0,19.458968,-99.152898,33452.705882352944
80.0,19.317741,-99.119331,36705.882352941175
122.0,19.390912,-99.172242,285294.1176470588
90.0,19.373281,-99.160485,132156.82352941178
87.0,19.432657,-99.177444,293847.0588235294
139.0,19.4025564,-99.1461089,301176.4705882353
70.0,19.382145,-99.142159,49324.82352941176
80.0,19.453854,-99.193979,40023.529411764706
70.0,19.34841,-99.125713,116470.58823529411
50.0,19.422397,-99.09769,20588.235294117647
79.0,,,55882.35294117647
110.0,19.286619,-99.152534,157647.0588235294
150.0,,,39411.76470588235
65.0,19.387651,-99.142257,44117.64705882353
112.0,23.634501,-102.552788,214705.88235294117
55.0,19.444684,-99.176413,214071.29411764705
75.0,,,60026.529411764706
70.0,19.447374,-99.137868,34557.76470588235
126.0,19.363021,-99.174418,223529.41176470587
58.0,19.417363,-99.068463,51176.470588235294
80.0,19.374628,-99.188927,40292.58823529412
60.0,19.291685,-99.11704,90518.82352941176
70.0,19.416195,-99.157971,73254.88235294117
75.0,19.3713316153,-99.2654308677,247058.82352941178
60.0,19.399226,-99.134352,37411.76470588235
100.0,19.335116,-99.223332,191764.70588235295
100.0,19.4032833,-99.1821858,243878.82352941178
110.0,19.431629,-99.162762,124509.82352941176
70.0,19.441043,-99.175585,91176.4705882353
63.0,19.501572,-99.17551,52411.76470588235
90.0,19.39942,-99.141673,68805.35294117648
55.0,19.4546836,-99.1933664,76294.11764705883
50.0,19.410055,-99.114487,42953.76470588235
80.0,19.389044,-99.179657,59411.76470588235
60.0,19.38828,-99.195529,44533.76470588235
150.0,19.400623,-99.14173,62352.94117647059
60.0,19.3598088,-99.1488603,152435.29411764705
64.0,19.39365,-99.14769,165294.11764705883
133.0,19.3609365412,-99.1633604933,317647.0588235294
66.0,19.411112,-99.193066,69411.76470588235
59.0,19.4661858,-99.1545368,45882.35294117647
80.0,19.359983,-99.158066,136294.11764705883
76.0,19.381729,-99.164986,170588.23529411765
74.0,19.39365,-99.14769,190217.64705882352
83.0,19.523731,-99.137538,81701.0
80.0,19.395427,-99.05035,57058.82352941176
60.0,19.468153,-99.189217,44705.882352941175
123.0,19.4001854,-99.1729456,252941.17647058822
85.0,19.384037,-99.140704,69882.35294117648
79.0,19.363542,-99.224084,51882.35294117647
80.0,,,176470.58823529413
51.0,19.473415,-99.143539,76882.35294117648
90.0,19.435359,-99.210742,145760.0
60.0,23.634501,-102.552788,98823.5294117647
56.0,19.392349,-99.07093,50000.0
110.0,19.286619,-99.152534,157647.0588235294
130.0,19.324216,-99.216411,288823.5294117647
80.0,19.441809,-99.156423,70588.23529411765
120.0,19.299815,-99.12053,65294.117647058825
60.0,19.482603,-99.194748,88235.29411764706
133.0,19.445032,-99.140207,66348.23529411765
70.0,19.396247,-99.190282,64117.64705882353
120.0,23.634501,-102.552788,289087.23529411765
102.0,19.336195,-99.23692,111764.70588235294
110.0,19.368568,-99.15031,100000.0
90.0,19.414261,-99.104118,147058.82352941178
100.0,19.428324,-99.176337,195642.88235294117
70.0,19.444606,-99.1740457,51176.470588235294
90.0,19.419403,-99.135361,119117.64705882352
80.0,19.348586,-99.115129,45515.23529411765
80.0,19.269985,-99.11523,81300.0
90.0,19.452365,-99.124572,71176.4705882353
60.0,19.3736979,-99.1933122,126764.70588235294
127.0,19.399028,-99.175227,116470.58823529411
69.0,19.2990233,-99.0436467,61317.23529411765
60.0,19.396593,-99.133163,57647.05882352941
65.0,19.472155,-99.161186,105000.0
80.0,19.446829,-99.159454,79705.88235294117
107.0,19.3814836,-99.1654942,268647.0588235294
70.0,19.415143,-99.14685,55294.117647058825
60.0,19.383446,-99.137643,76531.17647058824
80.0,19.418844,-99.132357,23568.58823529412
80.0,19.396247,-99.190282,106352.94117647059
60.0,19.363469,-99.010141,31705.882352941175
76.0,19.35568,-99.099406,44117.64705882353
80.0,19.3499358,-99.2906864,164705.88235294117
99.0,19.368475,-99.17952,176470.58823529413
65.0,19.376456,-99.145563,87058.82352941176
115.0,19.428324,-99.176337,195642.88235294117
103.0,19.394358,-99.177444,187705.88235294117
90.0,19.362486,-99.15682,170588.23529411765
64.0,,,170588.23529411765
69.0,19.348909,-99.073563,46470.58823529412
54.0,19.331932,-99.246689,135294.11764705883
60.0,19.380236,-99.139978,49215.705882352944
55.0,,,71588.23529411765
97.0,19.271467,-99.146309,140941.17647058822
60.0,19.446207,-99.169959,101470.58823529411
61.0,19.364891,-99.148384,156894.11764705883
65.0,19.446198,-99.139166,59853.94117647059
53.0,19.516777,-99.160149,48117.64705882353
73.0,19.441392,-99.174422,61764.705882352944
68.0,23.634501,-102.552788,115558.82352941176
119.0,19.373972,-99.164159,291176.4705882353
70.0,19.3670983,-99.1624422,150729.41176470587
50.0,19.410307,-99.065399,48235.294117647056
55.0,,,63490.35294117647
50.0,19.402991,-99.173922,56274.529411764706
90.0,19.377369,-99.198052,71628.64705882352
65.0,19.386852,-99.194748,116470.58823529411
63.0,19.417923,-99.148384,86135.29411764706
133.0,19.305914,-99.078102,20294.117647058825
75.0,19.455944,-99.211803,51019.64705882353
85.0,19.306092,-99.113431,61673.529411764706
121.0,19.394358,-99.177444,339087.76470588235
100.0,19.368475,-99.17952,309411.76470588235
50.0,19.349174,-99.145828,181101.17647058822
69.0,19.2990233,-99.0436467,61350.35294117647
100.0,19.391906,-99.135576,86470.58823529411
110.0,19.36409,-99.189935,145145.88235294117
60.0,,,118764.70588235294
61.0,19.4306069,-99.0949899,169816.35294117648
80.0,19.486215,-99.092376,70588.23529411765
77.0,19.377033,-99.129878,70705.88235294117
100.0,19.3340701,-99.0712814,75000.0
116.0,19.478469,-99.116014,185294.11764705883
63.0,19.417923,-99.148384,86135.29411764706
70.0,19.512787,-99.141393,82352.94117647059
125.0,19.374146,-99.146777,107404.29411764706
75.0,19.402944,-99.199727,63594.117647058825
97.0,19.430141,-99.172536,117058.82352941176
65.0,19.498246,-99.147089,123529.41176470589
60.0,19.441879,-99.167819,35705.882352941175
90.0,19.395077,-99.168409,103908.58823529411
71.0,19.523341,-99.1517,54205.882352941175
51.0,19.3513303772,-99.0816683695,24999.823529411766
63.0,19.370501,-99.139389,121082.35294117648
60.0,19.524143,-99.160149,38235.294117647056
90.0,19.375618,-99.194918,103912.94117647059
74.0,19.394073,-99.153915,188517.64705882352
98.0,19.422564,-99.154225,111941.17647058824
69.0,19.472155,-99.161186,104117.64705882352
74.0,19.364891,-99.148384,168400.0
80.0,19.400249,-99.177444,114941.17647058824
57.0,19.416408,-99.126701,75882.35294117648
90.0,19.368048,-99.170392,134705.88235294117
100.0,19.370933,-99.173043,158647.0588235294
65.0,19.472155,-99.161186,105000.0
79.0,,,158952.9411764706
90.0,,,65176.470588235294
86.0,19.367424,-99.185753,196470.58823529413
82.0,19.368544,-99.163605,167647.0588235294
71.0,19.391054,-99.14077,48823.529411764706
72.0,19.3915,-99.038137,52608.23529411765
65.0,19.394179,-99.177221,191176.4705882353
88.0,19.3872626,-99.1754024,270588.23529411765
120.0,,,235294.11764705883
70.0,19.410215,-99.14595,49179.82352941176
50.0,19.467806,-99.130254,38449.294117647056
102.0,,,84117.64705882352
70.0,19.487416,-99.118006,40070.58823529412
62.0,19.4306069,-99.0949899,133086.58823529413
90.0,19.375618,-99.194918,103912.94117647059
53.0,,,41847.05882352941
98.0,19.380937,-99.179545,185882.35294117648
50.0,19.446524,-99.142241,44705.882352941175
75.0,19.41526,-99.075364,33011.76470588235
60.0,19.469689,-99.085457,45882.35294117647
73.0,19.364891,-99.148384,150452.9411764706
60.0,19.41275,-99.126007,40070.82352941176
110.0,19.419116,-99.161436,382352.9411764706
65.0,19.472155,-99.161186,104411.76470588235
61.0,19.364891,-99.148384,156894.11764705883
60.0,19.354219,-99.126244,69089.17647058824
64.0,19.380747,-99.155304,165294.11764705883
92.0,19.394358,-99.177444,299270.5882352941
102.0,19.427607,-99.160835,197915.9411764706
54.0,19.455525,-99.124086,77411.76470588235
97.0,19.400249,-99.177444,220588.23529411765
74.0,19.3713214,-99.1409854,188517.64705882352
90.0,19.395261,-99.153153,147450.9411764706
82.0,,,182764.70588235295
120.0,19.367931,-99.170262,134705.88235294117
50.0,19.305449,-99.051736,23529.41176470588
68.0,19.453142,-99.180214,58823.529411764706
110.0,19.367025,-99.170349,185294.11764705883
80.0,19.378533,-99.187561,52411.76470588235
120.0,19.392172,-99.154625,144705.88235294117
60.0,19.410419,-99.194748,29058.823529411766
60.0,,,118764.70588235294
70.0,19.411112,-99.193066,69411.76470588235
80.0,19.389067,-99.162824,94305.88235294117
100.0,19.3404477,-99.1297322,187058.82352941178
130.0,,,382352.9411764706
135.0,,,352352.9411764706
101.0,19.341894,-99.224525,264705.8823529412
50.0,19.410307,-99.065399,48235.294117647056
65.0,19.456454,-99.123252,35176.470588235294
60.0,19.317887,-99.135625,96174.58823529411
77.0,19.323772,-99.116562,57647.05882352941
89.0,19.417364,-99.159454,179411.76470588235
69.0,19.448311,-99.157021,30000.0
80.0,19.352333,-99.121169,69089.11764705883
64.0,19.392937,-99.263313,158823.5294117647
84.0,19.367424,-99.185753,225294.11764705883
63.0,19.309208,-99.171906,66470.58823529411
111.0,,,46455.882352941175
85.0,19.443178,-99.20237,174991.29411764705
110.0,19.378864,-99.170313,311764.70588235295
57.0,19.298168,-99.113106,105294.11764705883
60.0,19.2990233,-99.0436467,59605.882352941175
72.0,19.366505,-99.222297,75545.88235294117
116.0,19.478469,-99.116014,188235.29411764705
100.0,19.431629,-99.162762,119705.88235294117
54.0,,,35926.0
120.0,19.400785,-99.147419,59110.470588235294
50.0,19.486329,-99.086792,22964.70588235294
61.0,19.4301421,-99.109777,47058.82352941176
94.0,19.361269,-99.1719297,333500.0
77.0,19.498246,-99.202133,39764.705882352944
91.0,19.333981,-99.233654,101294.11764705883
60.0,19.386836,-99.217824,109294.11764705883
80.0,,,84509.76470588235
75.0,19.291903,-99.124191,35294.117647058825
91.0,19.341894,-99.224525,174647.0588235294
58.0,19.506042,-99.153915,117647.05882352941
97.0,19.271467,-99.146309,140941.17647058822
54.0,19.48314,-99.211139,73529.41176470589
70.0,,,123882.35294117648
78.0,19.417364,-99.159454,289752.9411764706
80.0,19.364891,-99.148384,74117.64705882352
65.0,19.472155,-99.161186,105000.0
52.0,19.321644,-99.044846,28800.0
145.0,19.387245,-99.147388,138235.29411764705
61.0,19.4306069,-99.0949899,130697.5294117647
70.0,19.363542,-99.224084,62988.23529411765
50.0,19.439858,-99.150241,30352.941176470587
60.0,19.504985,-99.208557,27058.823529411766
60.0,19.317534,-99.058491,38588.23529411765
110.0,19.286619,-99.152534,157647.0588235294
70.0,19.450827,-99.156468,65505.882352941175
67.0,19.446829,-99.159454,135988.23529411765
86.0,19.36867,-99.218886,85882.35294117648
60.0,19.3736979,-99.1933122,170963.58823529413
90.0,19.305984,-99.127341,119823.5294117647
92.0,19.366934,-99.291958,114705.88235294117
59.0,19.490054,-99.093551,42352.94117647059
90.0,19.442027,-99.185897,247058.82352941178
82.0,19.432657,-99.177444,232941.17647058822
70.0,19.399226,-99.134352,37411.76470588235
85.0,19.446829,-99.159454,116470.58823529411
50.0,19.386821,-99.164805,182941.17647058822
70.0,19.402944,-99.199727,67023.5294117647
83.0,,,219705.88235294117
80.0,19.381259203,-99.1038592905,48235.294117647056
117.0,19.2990233,-99.0436467,88813.64705882352
80.0,19.38499,-99.227853,141176.4705882353
108.0,19.380798,-99.18286,202941.17647058822
63.0,19.47517,-99.152534,138894.0
52.0,19.383915,-99.173846,163212.82352941178
70.0,19.446256,-99.147767,54745.05882352941
80.0,19.401366,-99.18064,113137.29411764706
108.0,19.40099,-99.161174,279194.1176470588
55.0,19.396727,-99.115875,86764.70588235294
75.0,19.348122,-99.125716,99097.70588235294
55.0,,,36685.0
77.0,19.4526892,-99.1179867,102941.17647058824
74.0,19.39912,-99.141464,252970.58823529413
62.0,19.39365,-99.14769,170509.17647058822
51.0,19.424719,-99.06065,41176.470588235294
52.0,19.405298,-99.164986,174667.64705882352
75.0,19.401819,-99.184615,81235.29411764706
63.0,19.388044,-99.185753,45294.117647058825
100.0,19.33923,-99.218987,208823.5294117647
79.0,19.3638234,-99.1444714,135000.0
118.0,19.381729,-99.164986,284009.17647058825
65.0,19.472155,-99.161186,104411.76470588235
60.0,19.382956,-99.145972,86764.70588235294
91.0,19.333981,-99.233654,101294.11764705883
55.0,19.383966,-99.101121,33058.82352941176
105.0,19.391819,-99.188639,145265.70588235295
82.0,19.378786,-99.208595,70588.23529411765
57.0,,,43247.05882352941
85.0,19.348122,-99.125716,96980.0
56.0,19.452301,-99.207422,44117.64705882353
126.0,19.337386,-99.205912,305882.35294117645
105.0,19.355921,-99.180214,345670.5882352941
91.0,19.341894,-99.224525,174647.0588235294
102.0,19.403561,-99.156308,235294.11764705883
80.0,19.41498,-99.177444,185294.11764705883
90.0,19.368697,-99.208668,44774.82352941176
66.0,19.446313,-99.14006,23829.41176470588
80.0,19.399815,-99.150806,134117.64705882352
58.0,19.441234,-99.136622,69647.05882352941
70.0,19.392185,-99.135357,57025.705882352944
82.0,19.380644,-99.179176,152941.17647058822
85.0,19.384467,-99.135872,109411.76470588235
55.0,23.634501,-102.552788,165694.29411764705
71.0,19.3246591,-99.140855,105882.35294117648
60.0,19.448187,-99.161176,37941.17647058824
59.0,19.444569,-99.168699,52288.117647058825
70.0,19.457982,-99.19269,53235.294117647056
60.0,19.446829,-99.159454,58407.23529411765
78.0,19.3499358,-99.2906864,170588.23529411765
60.0,19.412097,-99.073245,44117.64705882353
80.0,19.384068,-99.167882,252941.17647058822
60.0,19.439759,-99.1047,57058.82352941176
75.0,19.412142,-99.146127,50000.0
60.0,23.634501,-102.552788,104180.35294117648
80.0,19.35782,-99.149406,59276.94117647059
63.0,19.392349,-99.07093,75882.35294117648
75.0,19.39365,-99.14769,176017.64705882352
50.0,19.527836,-99.169827,38392.882352941175
129.0,19.403334,-99.157755,147058.82352941178
57.0,19.306255,-99.234777,47058.82352941176
78.0,19.264442,-99.124863,52352.94117647059
85.0,19.400785,-99.147419,59110.470588235294
75.0,19.392025,-99.135302,87058.82352941176
68.0,19.453697,-99.180085,58823.529411764706
75.0,19.314895,-99.09423,54033.64705882353
141.0,19.381591,-99.165397,334117.64705882355
68.0,23.634501,-102.552788,41588.23529411765
65.0,19.414261,-99.104118,75294.11764705883
50.0,19.3029619922,-99.0406322479,34705.882352941175
59.0,,,34139.0
63.0,23.634501,-102.552788,54176.470588235294
85.0,23.634501,-102.552788,41534.705882352944
60.0,19.458118,-99.125557,56433.94117647059
53.0,19.407816,-99.129707,62352.94117647059
57.0,19.369418,-99.007392,29650.0
75.0,19.394965,-99.181702,77058.82352941176
105.0,19.408904,-99.174556,119372.5294117647
79.0,19.469689,-99.085457,52941.17647058824
82.0,19.341894,-99.224525,176470.58823529413
114.0,19.39365,-99.14769,260941.17647058822
92.0,19.399689,-99.188522,32352.941176470587
68.0,19.36269,-99.150565,74117.64705882352
90.0,19.367025,-99.170349,185294.11764705883
80.0,,,235294.11764705883
60.0,19.4306069,-99.0949899,128162.23529411765
69.0,19.362027,-99.19464,58529.41176470588
68.0,19.428152,-99.106194,75000.0
50.0,19.263022,-99.119657,46164.705882352944
65.0,19.472155,-99.161186,105000.0
80.0,19.383915,-99.173846,143419.88235294117
80.0,19.355751,-99.299347,112647.05882352941
56.0,19.345893,-99.067395,56941.17647058824
50.0,19.410307,-99.065399,48235.294117647056
91.0,19.407187,-99.172405,242523.5294117647
80.0,19.399649,-99.165891,192072.9411764706
55.0,19.372684,-99.183678,158823.5294117647
60.0,19.372724,-99.137094,44529.41176470588
60.0,19.415783,-99.060391,34422.529411764706
68.0,23.634501,-102.552788,115558.82352941176
80.0,19.39932,-99.154999,76588.23529411765
52.0,19.444688,-99.16605,39749.529411764706
70.0,19.383952,-99.160229,194424.70588235295
65.0,19.402386,-99.069638,36976.470588235294
65.0,19.462598,-99.131469,37058.82352941176
140.0,,,146821.76470588235
110.0,19.282895,-99.166933,34419.17647058824
52.0,19.4445021981,-99.1660007089,43823.529411764706
87.0,,,347058.82352941175
68.0,19.464589,-99.183659,43333.294117647056
100.0,19.372713,-99.181832,279411.76470588235
50.0,19.404377,-99.076596,52223.529411764706
60.0,19.377383,-99.144978,83856.4705882353
60.0,19.359901,-99.189606,52411.76470588235
120.0,19.359984,-99.1580693,170588.23529411765
70.0,19.334546,-99.207876,69070.58823529411
60.0,19.452621,-99.154479,58411.76470588235
56.0,19.375983,-99.017354,41705.882352941175
90.0,19.318989,-99.094437,147058.82352941178
95.0,19.3757,-99.196831,71628.64705882352
100.0,19.31534,-99.222755,123529.41176470589
85.0,19.366866,-99.221296,55705.882352941175
76.0,,,296152.9411764706
54.0,19.440549,-99.168493,38941.17647058824
64.0,19.410307,-99.065399,100000.0
64.0,19.375412,-99.144234,140493.11764705883
86.0,19.388044,-99.185753,97629.41176470589
53.0,19.416151,-99.147042,67647.05882352941
65.0,19.378321,-99.102702,58814.705882352944
137.0,19.275206,-99.218292,364705.8823529412
52.0,19.405298,-99.164986,174667.64705882352
113.0,19.383364,-99.168089,144745.0588235294
115.0,19.3023717,-99.167894,248529.41176470587
51.0,19.440935,-99.188522,233529.41176470587
69.0,19.3814504,-99.1919122,138235.29411764705
58.0,,,198823.5294117647
60.0,19.318575,-99.08635,46764.705882352944
135.0,19.347683,-99.165877,264705.8823529412
65.0,19.3697678418,-99.1392753126,114705.88235294117
70.0,19.378643,-99.148281,148235.29411764705
60.0,19.517598,-99.137671,50294.117647058825
80.0,19.35782,-99.149406,76176.4705882353
55.0,19.441816,-99.092908,35490.17647058824
103.0,19.387613,-99.202726,56862.705882352944
80.0,19.3033001,-99.2310901,188235.29411764705
120.0,19.399795,-99.167793,144745.11764705883
95.0,19.413359,-99.159891,121647.05882352941
60.0,19.380236,-99.139978,51764.705882352944
85.0,19.353813,-99.163605,100588.23529411765
65.0,,,89117.64705882352
74.0,19.3807458,-99.1553016,184294.11764705883
80.0,19.35782,-99.149406,76176.4705882353
54.0,19.45984,-99.124797,54694.117647058825
80.0,,,382352.9411764706
90.0,19.450827,-99.156468,65505.882352941175
100.0,19.393568,-99.186143,97411.76470588235
122.0,19.394358,-99.177444,339088.17647058825
87.0,19.436516,-99.173988,293847.0588235294
97.0,19.271467,-99.146309,140941.17647058822
50.0,19.302219,-99.049311,19531.764705882353
83.0,,,219705.88235294117
104.0,19.372684,-99.183678,217647.0588235294
74.0,19.400763,-99.132191,70588.23529411765
77.0,19.3723335,-99.1905974,132058.82352941178
80.0,19.441043,-99.175585,91176.4705882353
60.0,19.403302,-99.14489,70610.58823529411
100.0,19.343979,-99.124863,167647.0588235294
60.0,19.3939,-99.128976,44599.41176470588
76.0,19.391928,-99.161305,145882.35294117648
108.0,19.394073,-99.153915,223529.41176470587
85.0,19.396705,-99.181902,85647.05882352941
74.0,19.394073,-99.153915,190217.64705882352
100.0,19.365865,-99.148341,107404.29411764706
57.0,19.412061,-99.1448,94117.64705882352
90.0,19.441809,-99.156423,67895.23529411765
80.0,19.383865,-99.174973,258076.4705882353
50.0,19.409701,-99.069021,20598.235294117647
65.0,19.401819,-99.184615,81235.29411764706
79.0,19.318989,-99.094437,170379.41176470587
63.0,19.47517,-99.152534,138894.0
141.0,,,382352.9411764706
50.0,19.489521,-99.079282,41523.529411764706
84.0,19.2672863,-99.1659764,55420.58823529412
63.0,19.278036,-99.170541,56282.35294117647
65.0,19.29292,-99.064874,44411.76470588235
75.0,19.36269,-99.150565,74117.64705882352
110.0,19.39365,-99.14769,138235.29411764705
52.0,19.329521,-99.08413,36647.05882352941
60.0,19.355462,-99.065676,30823.529411764706
78.0,19.3499358,-99.2906864,188235.29411764705
50.0,19.423086,-99.145135,55294.117647058825
76.0,19.326922,-99.121203,52617.64705882353
63.0,19.4306069,-99.0949899,168630.4705882353
96.0,19.41498,-99.177444,319117.64705882355
84.0,19.287598,-99.14769,177878.76470588235
65.0,19.39365,-99.14769,130294.11764705883
59.0,19.48492,-99.11168,29325.41176470588
100.0,19.424171,-99.159991,189372.5294117647
74.0,19.375626,-99.15461,179588.23529411765
69.0,19.397983,-99.146696,96176.4705882353
60.0,19.324239,-99.117785,45098.0
120.0,19.405298,-99.164986,371411.76470588235
126.0,19.331932,-99.246689,275882.35294117645
56.0,19.334546,-99.207876,84647.05882352941
80.0,19.396018,-99.147827,205421.0588235294
70.0,19.446829,-99.159454,135294.11764705883
103.0,19.38499,-99.227853,56274.470588235294
90.0,19.465454,-99.162665,84155.05882352941
50.0,19.363174,-99.013236,42352.94117647059
83.0,19.3908165,-99.1466355,194547.0588235294
120.0,19.335033,-99.200347,165933.64705882352
96.0,19.391557,-99.180726,59411.76470588235
60.0,,,76470.58823529411
70.0,19.375374,-99.137657,87058.82352941176
60.0,19.482603,-99.194748,88235.29411764706
95.0,19.314216,-99.135841,107411.76470588235
115.0,19.381729,-99.164986,313705.8823529412
130.0,19.364891,-99.148384,167647.0588235294
75.0,19.373503,-99.112912,98823.5294117647
53.0,19.357715,-99.084599,50000.0
90.0,19.452621,-99.154479,72705.88235294117
58.0,19.343979,-99.124863,105411.76470588235
60.0,19.37335,-99.174777,58509.76470588235
90.0,19.365611,-99.140876,43531.41176470588
90.0,19.359625,-99.152478,85098.05882352941
55.0,19.372684,-99.183678,158823.5294117647
103.0,19.367968,-99.263608,56862.705882352944
122.0,19.39365,-99.14769,207164.70588235295
56.0,19.342083,-99.0532159,32615.0
126.0,19.2990233,-99.0436467,96422.4705882353
75.0,,,48621.882352941175
75.0,19.451576,-99.190662,47254.882352941175
51.0,19.473415,-99.143539,76882.35294117648
65.0,19.376456,-99.145563,64458.882352941175
89.0,19.400004,-99.16735,232941.17647058822
87.0,19.417364,-99.159454,176470.58823529413
65.0,19.449392,-99.138544,47647.05882352941
50.0,,,41364.705882352944
104.0,19.302422,-99.230829,115411.76470588235
85.0,19.486016,-99.180528,72788.23529411765
138.0,19.382727579,-99.1582889556,247058.82352941178
69.0,19.4752953603,-99.1893056412,79411.76470588235
60.0,19.2990233,-99.0436467,59605.882352941175
65.0,19.446829,-99.159454,182058.82352941178
105.0,19.28356,-99.202343,116175.11764705883
97.0,19.4195256,-99.162549,288235.29411764705
90.0,19.285118,-99.217489,54295.882352941175
120.0,19.380747,-99.155304,235294.11764705883
87.0,,,347058.82352941175
75.0,19.498877,-99.207909,44183.529411764706
70.0,19.376456,-99.145563,64458.82352941176
60.0,19.324386,-99.124228,59284.705882352944
60.0,19.450551,-99.156352,79117.64705882352
73.0,19.399461,-99.175182,56862.76470588235
90.0,19.299511,-99.150433,65862.11764705883
100.0,19.399649,-99.165891,192117.64705882352
63.0,19.370501,-99.139389,121082.35294117648
65.0,,,118147.05882352941
83.0,19.362864,-99.173988,216279.41176470587
62.0,,,22058.823529411766
65.0,19.377383,-99.144978,83856.41176470589
150.0,19.43475,-99.189814,316470.5882352941
108.0,19.41498,-99.177444,235294.11764705883
107.0,19.350054,-99.123847,167058.82352941178
80.0,19.400785,-99.147419,59110.470588235294
60.0,19.420551,-99.14649,105450.94117647059
60.0,19.516777,-99.160149,39167.05882352941
74.0,,,194023.5294117647
95.0,19.41498,-99.177444,205882.35294117648
70.0,,,61176.470588235294
70.0,19.373802,-99.189214,119294.11764705883
52.0,19.405298,-99.164986,174667.64705882352
60.0,19.375412,-99.144234,120882.35294117648
55.0,19.408805,-99.129702,62352.94117647059
106.0,19.350054,-99.123847,148235.29411764705
106.0,19.415025,-99.1551,294117.64705882355
101.0,19.39365,-99.14769,300070.5882352941
66.0,19.49662,-99.185876,52000.0
55.0,19.396727,-99.115875,86764.70588235294
90.0,19.394638,-99.186447,97411.76470588235
73.0,19.364891,-99.148384,150411.76470588235
80.0,19.395427,-99.05035,57058.82352941176
87.0,19.3358468,-99.1479328,161205.88235294117
115.0,19.3797151,-99.1677132,205882.35294117648
80.0,19.4068945,-99.1237906,117352.94117647059
50.0,19.308287,-99.146309,83470.58823529411
70.0,19.486669,-99.173765,129941.17647058824
75.0,19.38828,-99.195529,44533.705882352944
60.0,19.449292,-99.17551,50117.64705882353
74.0,19.409095,-99.163216,260588.23529411765
62.0,19.295734,-99.146996,120588.23529411765
80.0,19.367424,-99.185753,147058.82352941178
58.0,23.634501,-102.552788,31705.882352941175
61.0,19.4597505,-99.2067717,42829.41176470588
70.0,19.453564,-99.133092,43338.58823529412
65.0,19.281164,-99.20237,77529.41176470589
78.0,19.364891,-99.148384,168400.0
50.0,19.457352,-99.155304,44509.882352941175
85.0,19.363073,-99.158843,214705.88235294117
50.0,19.335108,-99.083164,37529.41176470588
96.0,19.341894,-99.224525,175241.17647058822
65.0,,,117647.05882352941
65.0,19.41497,-99.065035,54294.117647058825
70.0,19.336455,-99.149511,67058.82352941176
135.0,23.634501,-102.552788,377058.82352941175
120.0,19.405298,-99.164986,317647.0588235294
98.0,19.387764,-99.176758,298547.0588235294
90.0,19.41627,-99.087547,60588.23529411765
50.0,19.445219,-99.171761,73529.41176470589
90.0,19.369509,-99.172532,100588.23529411765
51.0,19.415175,-99.146898,55294.117647058825
116.0,19.478469,-99.116014,185294.11764705883
60.0,19.374721,-99.140098,38000.0
62.0,19.412142,-99.146127,50000.0
56.0,19.456993,-99.118637,54764.705882352944
83.0,19.366914,-99.1516,88235.29411764706
70.0,19.377369,-99.198052,71628.70588235294
100.0,19.33923,-99.218987,258529.41176470587
75.0,19.359645,-99.138745,24447.882352941175
70.0,19.370272,-99.149127,41534.705882352944
80.0,19.405298,-99.164986,251764.70588235295
60.0,19.480501,-99.178139,51176.470588235294
80.0,19.386821,-99.164805,185882.35294117648
64.0,19.392937,-99.263313,161764.70588235295
80.0,19.470991,-99.168165,49282.882352941175
140.0,,,370588.23529411765
95.0,19.367424,-99.185753,176470.58823529413
68.0,19.3872626,-99.1754024,212941.17647058822
80.0,19.387245,-99.147388,138235.29411764705
70.0,19.496491,-99.149702,91764.70588235294
65.0,19.281164,-99.20237,25653.29411764706
60.0,23.634501,-102.552788,98823.5294117647
88.0,19.3582744,-99.2723517,347341.17647058825
80.0,19.380292,-99.168756,117647.05882352941
58.0,19.335073,-99.128238,42529.41176470588
56.0,19.444584,-99.174675,101529.41176470589
72.0,19.39169,-99.03793,52608.23529411765
55.0,19.33427,-99.083374,26117.647058823528
90.0,19.450551,-99.156352,65529.41176470588
70.0,19.466822,-99.157379,94117.64705882352
120.0,19.335033,-99.200347,165345.41176470587
60.0,19.370272,-99.149127,41534.705882352944
63.0,19.452419,-99.175058,57647.05882352941
98.0,19.380937,-99.179545,220058.82352941178
96.0,19.349449,-99.147779,121764.70588235294
121.0,19.461416,-99.133163,127254.41176470589
100.0,19.3906898041,-99.1795009375,126830.0
70.0,19.450827,-99.156468,65505.882352941175
83.0,19.476577,-99.180073,70588.23529411765
60.0,19.452255,-99.124703,52941.17647058824
60.0,19.382649,-99.143384,49324.82352941176
84.0,19.378533,-99.187561,197647.0588235294
79.0,19.519303,-99.136218,112588.23529411765
126.0,19.429615,-99.138395,173529.41176470587
50.0,19.474655,-99.189277,27235.29411764706
64.0,19.34518,-99.189969,52411.76470588235
64.0,19.415143,-99.14685,55294.117647058825
94.0,19.394073,-99.153915,217647.0588235294
65.0,19.472155,-99.161186,104411.76470588235
80.0,19.351292,-99.213448,134470.58823529413
120.0,,,129411.76470588235
89.0,19.400004,-99.16735,232941.17647058822
110.0,19.372684,-99.183678,194117.64705882352
62.0,,,104403.70588235294
80.0,19.398514,-99.130366,50720.705882352944
70.0,19.43672,-99.138969,69411.76470588235
66.0,19.448226,-99.173938,64058.82352941176
55.0,19.372684,-99.183678,158823.5294117647
100.0,19.400249,-99.177444,228235.29411764705
120.0,19.366901,-99.297272,197647.0588235294
110.0,19.3627249,-99.1755287,294117.64705882355
70.0,19.438292,-99.166694,155882.35294117648
75.0,19.283831,-99.236992,110294.11764705883
84.0,19.40012,-99.1532,104352.94117647059
65.0,19.311038,-99.101601,22941.176470588234
60.0,19.452297,-99.138695,43338.529411764706
70.0,19.451597,-99.196136,60392.17647058824
102.0,19.436404,-99.173617,100663.70588235294
71.0,19.335419,-99.119331,56817.64705882353
147.0,,,39668.529411764706
122.0,23.634501,-102.552788,285294.1176470588
75.0,19.2464696,-99.1013498,214071.29411764705
100.0,19.340202,-99.257774,235294.11764705883
122.0,19.390912,-99.172242,285294.1176470588
95.0,19.380644,-99.179176,176470.58823529413
67.0,19.471135,-99.1595701,111882.35294117648
60.0,19.493973,-99.130394,118058.82352941176
50.0,19.411434,-99.152197,27265.882352941175
79.0,19.3638234,-99.1444714,152647.0588235294
80.0,19.280481,-99.170604,75929.41176470589
78.0,19.437285,-99.174303,118996.4705882353
88.0,19.384622452,-99.1519181058,229411.76470588235
60.0,19.38828,-99.195529,44533.705882352944
100.0,19.337013,-99.197613,158187.0
70.0,19.396018,-99.147827,205421.0
52.0,19.392349,-99.07093,68705.88235294117
86.0,19.434723,-99.175887,147117.64705882352
50.0,,,21176.470588235294
115.0,19.383249,-99.08399,111117.64705882352
70.0,19.39942,-99.141673,68805.41176470589
60.0,19.367348,-99.220413,66294.11764705883
67.0,19.380443,-99.188263,94117.64705882352
70.0,,,51463.529411764706
60.0,19.377404,-99.193301,102058.82352941176
86.0,19.262049,-99.1138,54705.882352941175
78.0,19.364891,-99.148384,168400.0
95.0,19.373161,-99.130394,63226.529411764706
85.0,,,125466.17647058824
64.0,19.3862785,-99.24329,200000.0
70.0,19.412142,-99.146127,50000.0
80.0,19.493185,-99.205755,43529.41176470588
109.0,19.39365,-99.14769,293529.4117647059
56.0,19.39365,-99.14769,215984.9411764706
65.0,19.398514,-99.130366,50720.76470588235
58.0,19.370822,-99.105239,40058.82352941176
90.0,23.634501,-102.552788,217647.0588235294
122.0,19.391088,-99.17282,285294.1176470588
70.0,19.408805,-99.129702,62352.94117647059
102.0,19.47941,-99.186177,81159.5294117647
115.0,,,313660.0
53.0,19.33225,-99.244048,135294.11764705883
122.0,19.39365,-99.14769,207164.70588235295
70.0,19.323772,-99.116562,50176.470588235294
60.0,19.410412,-99.098521,62176.470588235294
146.0,19.371111,-99.138912,234705.88235294117
80.0,19.367721,-99.219332,66294.11764705883
90.0,19.408904,-99.174556,119960.82352941176
127.0,19.39912,-99.175339,116470.58823529411
79.0,,,170588.23529411765
80.0,19.38634,-99.142743,49324.82352941176
80.0,19.3499358,-99.2906864,164705.88235294117
64.0,19.3905245,-99.1797506,103102.35294117648
57.0,19.298168,-99.113106,105294.11764705883
70.0,19.474706,-99.18843,37058.82352941176
64.0,19.3704998,-99.1393889,117558.82352941176
65.0,,,150000.0
84.0,19.40012,-99.1532,104352.94117647059
69.0,19.392025,-99.135302,56470.58823529412
102.0,19.427607,-99.160835,197915.9411764706
70.0,19.360367,-99.192614,86470.58823529411
95.0,19.34841,-99.125713,124294.11764705883
85.0,19.4484338347,-99.2140477896,176470.58823529413
75.0,19.41031,-99.098527,62176.470588235294
83.0,19.298168,-99.113106,198394.11764705883
65.0,19.472155,-99.161186,104411.76470588235
65.0,19.359901,-99.189606,52411.76470588235
100.0,19.392814,-99.175476,92862.70588235294
65.0,19.366632,-99.1979,44774.82352941176
65.0,19.31999,-99.117808,59352.94117647059
52.0,19.451809,-99.170181,46058.82352941176
95.0,19.424535,-99.169362,170000.0
64.0,19.3733676,-99.1337252,143871.64705882352
75.0,19.429916,-99.108826,48235.294117647056
60.0,19.493973,-99.130394,118058.82352941176
90.0,19.425126,-99.225401,347843.17647058825
88.0,,,370117.64705882355
121.0,19.391074,-99.165737,323529.4117647059
69.0,19.374721,-99.140098,38058.82352941176
84.0,23.634501,-102.552788,164705.88235294117
63.0,19.4512044,-99.1536306,117647.05882352941
83.0,19.33923,-99.218987,164705.88235294117
65.0,19.472155,-99.161186,105000.0
53.0,19.490709,-99.178959,52941.17647058824
87.0,,,347058.82352941175
130.0,,,271170.5882352941
100.0,19.372684,-99.183678,176470.58823529413
103.0,19.38499,-99.227853,56274.470588235294
60.0,19.411112,-99.193066,69411.76470588235
69.0,19.441374,-99.160559,41131.17647058824
62.0,19.394075,-99.145837,143475.0588235294
70.0,19.446144,-99.170327,101470.58823529411
62.0,19.433468,-99.154823,264705.8823529412
90.0,19.323593,-99.216426,288823.5294117647
65.0,19.446829,-99.159454,182058.82352941178
94.0,19.4380266,-99.1885632,323529.4117647059
110.0,19.286619,-99.152534,157647.0588235294
50.0,19.452503,-99.120018,44117.64705882353
135.0,19.394073,-99.153915,300000.0
80.0,19.370501,-99.139389,123529.41176470589
65.0,19.382649,-99.143384,49324.82352941176
78.0,19.3539321,-99.291726,188235.29411764705
85.0,19.375733,-99.139518,82352.94117647059
60.0,19.325608,-99.06112,35911.76470588235
90.0,19.441043,-99.175585,91176.4705882353
50.0,19.442796,-99.154915,36588.23529411765
59.0,19.484988,-99.11171,29325.41176470588
65.0,19.367424,-99.185753,155294.11764705883
130.0,,,271170.5882352941
110.0,19.432657,-99.177444,264705.8823529412
79.0,19.303307,-99.17637,141176.4705882353
90.0,,,129411.76470588235
150.0,19.381729,-99.164986,270588.23529411765
88.0,,,135294.11764705883
67.0,23.634501,-102.552788,144341.17647058822
70.0,19.392937,-99.263313,158823.5294117647
65.0,19.40135,-99.114726,32730.70588235294
80.0,19.484703,-99.211365,79048.11764705883
60.0,19.403504,-99.154502,80666.64705882352
87.0,19.434723,-99.175887,147117.64705882352
70.0,19.364993,-99.155739,76470.58823529411
90.0,19.452419,-99.175058,57647.05882352941
130.0,,,271170.5882352941
120.0,19.498669,-99.130899,176470.58823529413
60.0,19.409843,-99.125509,27309.529411764706
75.0,19.428767,-99.1459,63292.82352941176
150.0,19.382986,-99.241837,201176.4705882353
129.0,19.403334,-99.157755,147058.82352941178
120.0,19.358025,-99.170291,294117.64705882355
102.0,19.350054,-99.123476,88235.29411764706
80.0,19.388044,-99.185753,85658.82352941176
80.0,19.419403,-99.135361,110117.64705882352
64.0,19.386551,-99.193708,86246.58823529411
90.0,19.372684,-99.183678,164705.88235294117
70.0,19.396705,-99.181902,86564.70588235294
112.0,,,279411.76470588235
85.0,,,214705.88235294117
137.0,19.275206,-99.218292,364705.8823529412
50.0,19.487275,-99.104992,24988.235294117647
60.0,19.44673,-99.161695,61333.35294117647
60.0,19.452621,-99.154479,58407.294117647056
79.0,19.371567,-99.141776,67058.82352941176
74.0,19.332427,-99.139817,59705.882352941175
100.0,19.400785,-99.147419,59117.64705882353
55.0,19.361385,-99.246689,38058.82352941176
90.0,19.398044,-99.174323,32359.823529411766
90.0,19.400785,-99.147419,59110.470588235294
50.0,19.310943,-99.049669,30023.529411764706
60.0,19.411112,-99.193066,69411.76470588235
65.0,19.299864,-99.111133,150976.4705882353
69.0,19.397983,-99.146696,96176.4705882353
83.0,19.33923,-99.218987,164705.88235294117
55.0,19.474203,-99.171649,26941.176470588234
82.0,19.370043,-99.075081,52941.17647058824
69.0,19.371321,-99.140985,148052.9411764706
50.0,19.45178,-99.15709,46509.17647058824
65.0,19.454947,-99.151846,55686.294117647056
137.0,19.4022344,-99.1522961,182352.9411764706
76.0,19.355921,-99.180214,296170.5882352941
87.0,,,347058.82352941175
80.0,19.39912,-99.141464,172941.17647058822
130.0,19.324216,-99.216411,288823.5294117647
110.0,19.388044,-99.185753,264117.64705882355
129.0,19.39068,-99.15863,147058.82352941178
118.0,19.381729,-99.164986,284009.17647058825
50.0,,,32823.529411764706
50.0,19.470111,-99.080021,38188.23529411765
78.0,19.3631419,-99.2880597,164705.88235294117
55.0,19.337874,-99.063453,36352.94117647059
50.0,19.493185,-99.205755,38882.35294117647
83.0,19.370937,-99.183892,182352.9411764706
142.0,19.407323,-99.069025,103797.35294117648
58.0,19.383315,-99.197153,138235.29411764705
97.0,19.427607,-99.160835,323529.4117647059
60.0,19.458405,-99.187314,85294.11764705883
91.0,19.3924296,-99.1584618,246641.17647058822
64.0,19.3731987,-99.1469564,115235.29411764706
65.0,19.369509,-99.172532,100588.23529411765
90.0,19.477396,-99.150992,47688.0
69.0,19.472155,-99.161186,104117.64705882352
85.0,19.370046,-99.146155,88235.29411764706
85.0,19.3723415,-99.1511277,173529.41176470587
60.0,19.375412,-99.144234,117647.05882352941
57.0,19.298168,-99.113106,105294.11764705883
100.0,19.3940167768,-99.1798349943,303165.0588235294
87.0,,,347058.82352941175
50.0,19.404661,-99.133858,88235.29411764706
60.0,19.373446,-99.139389,46803.94117647059
75.0,19.403836,-99.059832,51521.470588235294
61.0,19.337163,-99.080899,44000.0
55.0,19.38642,-99.222521,37647.05882352941
70.0,19.307417,-99.125191,30366.764705882353
80.0,19.379525,-99.188914,61294.117647058825
91.0,19.333981,-99.233654,101294.11764705883
98.0,19.341894,-99.224525,45705.882352941175
85.0,19.365843,-99.149901,82352.94117647059
80.0,19.481127,-99.127078,132352.9411764706
70.0,19.405883,-99.183079,35607.882352941175
60.0,19.392349,-99.07093,54294.117647058825
80.0,19.391557,-99.180725,183960.76470588235
105.0,19.3723335,-99.1905974,213088.23529411765
65.0,19.517343,-99.151154,39167.05882352941
55.0,19.448187,-99.161176,43341.17647058824
88.0,19.381729,-99.164986,182352.9411764706
138.0,,,336054.1176470588
98.0,19.417364,-99.159454,111352.94117647059
60.0,19.384026,-99.163136,216705.88235294117
90.0,19.384037,-99.140704,120588.23529411765
97.0,,,173529.41176470587
74.0,19.4461929779,-99.1488432884,91176.4705882353
140.0,19.3753456,-99.1769099,251764.70588235295
63.0,19.417923,-99.148384,86135.29411764706
70.0,19.366738,-99.14554,72000.0
110.0,19.399295,-99.091932,60901.94117647059
135.0,19.3872626,-99.1754024,352352.9411764706
115.0,19.444966,-99.202496,116470.58823529411
75.0,19.39365,-99.14769,176017.64705882352
74.0,19.39912,-99.141464,252970.58823529413
90.0,19.452419,-99.175058,57647.05882352941
114.0,19.39177,-99.159996,104180.35294117648
70.0,19.445816,-99.170462,67037.35294117648
75.0,19.395629,-99.192146,37058.82352941176
55.0,19.439253,-99.163605,98823.5294117647
80.0,19.403462,-99.131998,119018.17647058824
64.0,19.478815,-99.196831,85294.11764705883
50.0,19.3615,-99.098587,28235.29411764706
60.0,19.4306069,-99.0949899,128162.23529411765
65.0,,,57641.17647058824
120.0,19.380747,-99.155304,217647.0588235294
100.0,19.443178,-99.20237,376470.5882352941
83.0,,,219705.88235294117
60.0,19.4390797,-99.1904407,217647.0588235294
60.0,19.397531,-99.182964,65058.82352941176
66.0,19.3651763,-99.2300641,73529.41176470589
55.0,19.396727,-99.115875,86764.70588235294
80.0,,,347058.82352941175
60.0,19.524143,-99.160149,35294.117647058825
80.0,,,217647.0588235294
60.0,19.270885,-99.1138,81300.0
136.0,19.430456,-99.1889121,47484.58823529412
50.0,19.445735,-99.149575,32898.0
86.0,19.307417,-99.125191,36249.117647058825
60.0,19.4164389,-99.1256321,83529.41176470589
55.0,19.457685,-99.121754,35450.94117647059
90.0,19.368942,-99.224435,62392.117647058825
51.0,19.265581,-99.171181,92352.94117647059
65.0,19.337601,-99.062968,214614.29411764705
70.0,19.365917,-99.196977,44690.58823529412
56.0,,,34882.35294117647
50.0,19.384327,-99.215523,29108.823529411766
80.0,23.634501,-102.552788,192233.17647058822
60.0,19.482603,-99.194748,88235.29411764706
70.0,19.492195,-99.182526,26579.764705882353
89.0,19.417364,-99.159454,307398.8823529412
50.0,19.307773,-99.047427,24588.235294117647
80.0,19.453691,-99.180039,58823.529411764706
64.0,19.386852,-99.194748,119066.41176470589
75.0,,,258823.5294117647
124.0,19.381729,-99.164986,297647.0588235294
55.0,19.281686,-99.143123,88623.5294117647
65.0,19.449997,-99.18117,46537.23529411765
69.0,19.2990233,-99.0436467,61317.23529411765
60.0,19.385027,-99.223488,37647.05882352941
56.0,19.392349,-99.07093,50000.0
73.0,19.3794059,-99.1591446,168470.58823529413
76.0,19.444584,-99.174675,88235.29411764706
79.0,,,44117.64705882353
69.0,19.362547,-99.231102,66470.58823529411
70.0,19.407301,-99.184159,63686.294117647056
60.0,19.445816,-99.170462,67037.35294117648
65.0,19.455666,-99.188522,39411.76470588235
118.0,19.381729,-99.164986,284009.17647058825
88.0,,,370117.64705882355
69.0,19.410412,-99.098521,62176.470588235294
112.0,19.374696,-99.128936,43019.58823529412
90.0,19.432657,-99.177444,205882.35294117648
63.0,23.634501,-102.552788,46833.82352941176
150.0,19.365686,-99.263209,201176.4705882353
98.0,19.281438,-99.194462,105294.11764705883
65.0,19.451872,-99.173522,52235.294117647056
64.0,19.375412,-99.144234,140493.11764705883
66.0,19.420903,-99.143238,47647.05882352941
54.0,19.3638234,-99.1444714,117352.94117647059
60.0,19.4306069,-99.0949899,126494.58823529411
88.0,19.406622,-99.124168,117058.82352941176
50.0,19.313878,-99.094271,82529.41176470589
64.0,19.307417,-99.125191,41176.470588235294
50.0,19.287188,-99.170525,76470.58823529411
120.0,19.41498,-99.177444,323529.4117647059
88.0,19.317234,-99.089518,46588.23529411765
63.0,19.429641,-99.152388,177683.23529411765
70.0,19.369859,-99.135812,30000.0
58.0,19.386852,-99.194748,95294.11764705883
62.0,,,56470.58823529412
80.0,19.441879,-99.167819,41705.882352941175
55.0,19.41275,-99.126007,25091.647058823528
65.0,19.346609,-99.072311,67647.05882352941
57.0,19.306256,-99.236671,35294.117647058825
80.0,19.389552,-99.188614,97215.70588235294
76.0,19.428767,-99.1459,91176.4705882353
60.0,19.4212787,-99.1571433,188235.29411764705
95.0,19.305564,-99.203845,288823.5294117647
78.0,19.322523,-99.141464,167647.0588235294
100.0,19.443178,-99.20237,195882.35294117648
65.0,19.446829,-99.159454,182058.82352941178
71.0,19.3335463,-99.1232125,100000.0
80.0,19.435424,-99.135847,80000.0
103.0,19.370876,-99.174544,226470.58823529413
108.0,19.303936,-99.124569,167647.0588235294
54.0,19.342083,-99.0532159,25690.529411764706
105.0,19.364891,-99.148384,237294.11764705883
64.0,19.3733676,-99.1337252,135765.76470588235
78.0,19.364891,-99.148384,168400.0
80.0,19.386033,-99.18296,77058.82352941176
70.0,19.457058,-99.190308,42313.705882352944
60.0,19.375412,-99.144234,120882.35294117648
62.0,19.492195,-99.182526,32882.35294117647
115.0,19.427887,-99.160687,276470.5882352941
60.0,19.3736979,-99.1933122,165823.5294117647
56.0,19.3284362748,-99.0879249573,20588.235294117647
75.0,19.458723,-99.191074,61568.58823529412
65.0,19.33795,-99.123458,49294.117647058825
101.0,19.367424,-99.185753,200000.0
60.0,19.397258,-99.190934,55352.94117647059
55.0,19.454722,-99.1573,43235.294117647056
60.0,19.3499358,-99.2906864,158823.5294117647
65.0,19.392185,-99.135357,57025.705882352944
130.0,19.385472,-99.256456,235705.88235294117
68.0,19.387014,-99.147406,132000.0
111.0,19.361111,-99.194061,381705.8823529412
71.0,19.4195256,-99.162549,264705.8823529412
51.0,19.473415,-99.143539,76882.35294117648
60.0,19.418666,-99.145075,35294.117647058825
54.0,19.41084,-99.120408,50970.58823529412
122.0,19.390912,-99.172242,285294.1176470588
60.0,19.449292,-99.17551,50117.64705882353
85.0,19.394073,-99.153915,164705.88235294117
57.0,19.369214,-99.136022,42794.117647058825
100.0,19.432657,-99.177444,235294.11764705883
131.0,,,288235.29411764705
60.0,19.446915,-99.128639,40347.529411764706
80.0,19.39557,-99.132937,94323.5294117647
61.0,19.2464696,-99.1013498,47058.82352941176
80.0,19.469769,-99.157379,161470.58823529413
121.0,19.4042704,-99.182372,309470.5882352941
115.0,19.39365,-99.14769,268235.29411764705
70.0,19.384365,-99.156091,185882.35294117648
110.0,19.381011,-99.182809,126980.35294117648
52.0,19.444688,-99.16605,48235.294117647056
64.0,19.436024,-99.15461,264705.8823529412
80.0,19.378533,-99.187561,52411.76470588235
150.0,19.365686,-99.263209,201176.4705882353
66.0,19.386033,-99.18296,77058.82352941176
50.0,19.318662,-99.07476,32964.705882352944
65.0,19.370272,-99.149127,44711.17647058824
67.0,,,140135.29411764705
80.0,19.469689,-99.085457,52941.17647058824
75.0,,,37647.05882352941
60.0,19.410966,-99.147629,41701.94117647059
53.0,19.443592,-99.121407,52941.17647058824
70.0,19.386033,-99.18296,77058.82352941176
87.0,19.372724,-99.137094,44529.41176470588
66.0,19.446852,-99.154461,55705.882352941175
65.0,19.413992,-99.138695,94488.0
80.0,19.3499358,-99.2906864,182352.9411764706
54.0,19.453533,-99.1601435,72352.94117647059
65.0,19.38828,-99.195529,44529.41176470588
90.0,19.375412,-99.144234,83856.41176470589
60.0,19.305666,-99.051631,43823.529411764706
50.0,19.29707,-99.051074,24588.235294117647
110.0,19.365766,-99.263112,201176.4705882353
55.0,19.302192,-99.049333,37803.94117647059
84.0,19.343424,-99.135933,129411.76470588235
85.0,19.348122,-99.125716,96980.0
70.0,19.440749,-99.141649,57941.17647058824
55.0,19.443178,-99.144234,50281.705882352944
144.0,19.399649,-99.165891,192072.9411764706
86.0,19.307754,-99.12497,36249.117647058825
54.0,23.634501,-102.552788,323529.4117647059
55.0,19.517644,-99.138753,35342.35294117647
80.0,19.380375,-99.1491,105882.35294117648
65.0,19.45178,-99.15709,28881.647058823528
56.0,19.456993,-99.118637,54764.705882352944
60.0,19.393042,-99.135072,87058.82352941176
72.0,19.366505,-99.222297,71768.82352941176
65.0,19.523798,-99.155941,47458.82352941176
73.0,19.3872626,-99.1754024,241176.4705882353
144.0,19.369937,-99.1727849,147058.82352941178
70.0,19.861804,-90.488467,44196.05882352941
60.0,19.317534,-99.058491,38000.0
60.0,,,139435.0
61.0,19.374473,-99.142868,129823.5294117647
65.0,19.394628,-99.143842,82352.94117647059
80.0,19.284047,-99.108279,108823.5294117647
67.0,19.428152,-99.106194,88235.29411764706
60.0,19.456942,-99.167703,129941.17647058824
74.0,19.394073,-99.153915,188517.64705882352
69.0,19.337163,-99.080899,36823.529411764706
53.0,,,44117.64705882353
52.0,19.392349,-99.07093,68705.88235294117
64.0,19.3638234,-99.1444714,129117.64705882352
50.0,19.381729,-99.164986,176470.58823529413
58.0,19.305233,-99.12269,53235.294117647056
90.0,19.361993,-99.137782,60529.41176470588
80.0,19.370046,-99.146155,88235.29411764706
90.0,19.446253,-99.157519,35882.35294117647
89.0,19.432657,-99.177444,244117.64705882352
74.0,19.405298,-99.164986,251764.70588235295
70.0,19.401456,-99.146787,101764.70588235294
70.0,19.374704,-99.1404,87058.82352941176
84.0,19.373888,-99.167287,161764.70588235295
62.0,19.535893,-99.146974,35294.117647058825
65.0,,,67647.05882352941
95.0,19.408949,-99.180214,324705.8823529412
80.0,19.375412,-99.144234,67058.82352941176
127.0,19.2990233,-99.0436467,92847.64705882352
117.0,19.441814,-99.156466,70588.23529411765
66.0,19.451496,-99.153453,69215.70588235294
90.0,19.371132,-99.173156,109137.29411764706
50.0,19.3036201615,-99.0404605865,34705.882352941175
120.0,19.388044,-99.185753,77058.82352941176
80.0,19.370501,-99.139389,123529.41176470589
80.0,19.469631,-99.085422,55294.117647058825
64.0,19.371342,-99.253616,159117.64705882352
80.0,19.451919,-99.131919,32539.41176470588
68.0,19.357803,-99.149583,76176.4705882353
61.0,19.2990233,-99.0436467,58345.41176470588
90.0,19.4773073,-99.1190718,138235.29411764705
65.0,19.456145,-99.201167,61058.82352941176
85.0,19.384685,-99.135872,62337.05882352941
70.0,19.384467,-99.135872,109411.76470588235
100.0,19.394358,-99.177444,170588.23529411765
70.0,19.339707,-99.131065,39879.0
90.0,19.393846,-99.18766,97411.76470588235
107.0,19.394358,-99.177444,369411.76470588235
52.0,19.3203783,-99.0818007,41176.470588235294
50.0,19.384327,-99.215523,29108.823529411766
122.0,19.394358,-99.177444,335294.1176470588
85.0,19.35782,-99.149406,94117.64705882352
62.0,19.333901,-99.240356,152352.9411764706
90.0,19.455666,-99.188522,40023.529411764706
60.0,19.311038,-99.101601,23235.29411764706
50.0,19.281761,-99.043289,43764.705882352944
116.0,19.387782,-99.186194,105701.76470588235
80.0,19.362864,-99.173988,90705.88235294117
72.0,19.2790911,-99.2114234,45369.529411764706
91.0,19.3924296,-99.1584618,257505.88235294117
120.0,19.403439,-99.182738,205882.35294117648
63.0,19.301382,-99.117245,55882.35294117647
129.0,19.403334,-99.157755,147058.82352941178
58.0,19.396294,-99.070784,61176.470588235294
100.0,19.405298,-99.164986,64470.58823529412
75.0,19.402478,-99.120531,34509.76470588235
52.0,19.390201,-99.0743,57258.529411764706
80.0,19.343398,-99.122827,119960.76470588235
127.0,19.3545212,-99.1860767,282352.9411764706
130.0,,,335294.1176470588
50.0,19.283388,-99.055038,31058.823529411766
70.0,19.429622,-99.100052,52862.705882352944
83.0,19.48641,-99.214328,69411.76470588235
65.0,19.438012,-99.199571,317647.0588235294
55.0,19.517509,-99.133668,35342.35294117647
56.0,19.386663,-99.029049,29214.117647058825
60.0,19.2990233,-99.0436467,60461.58823529412
83.0,,,219705.88235294117
60.0,19.493973,-99.130394,118058.82352941176
50.0,19.309824,-99.045654,32588.235294117647
109.0,19.39365,-99.14769,293529.4117647059
141.0,,,360000.0
102.0,19.5026324,-99.2061703,73529.41176470589
64.0,19.396818,-99.137271,112176.4705882353
70.0,19.392303,-99.178634,92039.23529411765
63.0,19.39365,-99.14769,188517.64705882352
128.0,19.399818,-99.150869,123529.41176470589
75.0,19.363529,-99.247293,43529.41176470588
89.0,19.400004,-99.16735,236305.88235294117
100.0,19.39867,-99.154329,145294.11764705883
68.0,19.428152,-99.106194,75000.0
50.0,19.403028,-99.106774,35686.23529411765
83.0,19.33923,-99.218987,164705.88235294117
55.0,19.4444333,-99.1746565,214071.35294117648
70.0,19.333974,-99.240363,135294.11764705883
90.0,19.371132,-99.173156,109137.23529411765
78.0,19.364891,-99.148384,168400.0
75.0,19.363618,-99.138818,71176.4705882353
90.0,19.452365,-99.124572,52549.0
78.0,19.452245,-99.15589,79705.88235294117
150.0,19.400249,-99.177444,305882.35294117645
125.0,19.339167,-99.219306,223529.41176470587
60.0,19.355986,-99.069396,41235.294117647056
60.0,19.329109,-99.127632,46329.41176470588
103.0,19.387613,-99.202726,56862.705882352944
134.0,19.3419754,-99.2327561,247058.82352941178
68.0,19.461416,-99.133163,72411.76470588235
74.0,19.24647,-99.10135,102647.05882352941
75.0,19.37523,-99.029776,30478.41176470588
83.0,19.33923,-99.218987,164705.88235294117
68.0,19.474706,-99.18843,41176.470588235294
71.0,19.2811497758,-99.1870701313,40711.0
56.0,19.450256,-99.195016,54764.705882352944
128.0,19.3928098,-99.1497664,112941.17647058824
90.0,19.364891,-99.148384,74117.64705882352
85.0,19.428767,-99.1459,91182.05882352941
82.0,19.39912,-99.141464,176470.58823529413
85.0,19.414261,-99.104118,152941.17647058822
106.0,19.367752,-99.180149,235294.11764705883
63.0,19.370501,-99.139389,121082.35294117648
64.0,19.326922,-99.121203,58235.294117647056
82.0,19.341894,-99.224525,176470.58823529413
78.0,19.322523,-99.141464,167647.0588235294
59.0,19.4561747,-99.2032516,44117.64705882353
72.0,19.2790911,-99.2114234,45375.0
70.0,19.382649,-99.143384,49324.82352941176
77.0,19.290554,-99.176758,108823.5294117647
50.0,19.414009,-99.142481,43470.58823529412
64.0,19.3743553,-99.1383819,142001.0588235294
102.0,19.427607,-99.160835,197915.9411764706
86.0,19.398297,-99.1561515,227647.0588235294
65.0,19.288873,-99.166238,79411.76470588235
69.0,19.410079,-99.127004,48882.35294117647
60.0,19.309208,-99.171906,58447.05882352941
98.0,19.380644,-99.179176,185882.35294117648
109.0,19.373493,-99.189857,101450.94117647059
60.0,19.375412,-99.144234,117647.05882352941
70.0,19.370272,-99.149127,58823.529411764706
73.0,19.394358,-99.177444,241176.4705882353
145.0,19.387245,-99.147388,138235.29411764705
59.0,19.386551,-99.193708,126470.58823529411
80.0,19.386821,-99.164805,76764.70588235294
90.0,19.408904,-99.174556,119954.88235294117
80.0,19.430766,-99.191251,347058.82352941175
78.0,19.3499358,-99.2906864,188235.29411764705
50.0,19.301989,-99.066093,30000.0
75.0,19.3653,-99.148217,71176.4705882353
60.0,19.410307,-99.065399,54705.882352941175
50.0,19.454082,-99.125206,70588.23529411765
74.0,19.448126,-99.153688,111176.4705882353
70.0,19.404442,-99.162688,84352.94117647059
82.0,19.341894,-99.224525,157529.41176470587
90.0,19.383044,-99.187798,40292.529411764706
84.0,19.359901,-99.189606,52411.76470588235
70.0,19.379897,-99.1469587,135294.11764705883
70.0,19.470215,-99.140075,52912.05882352941
64.0,19.446185,-99.173164,45882.35294117647
50.0,19.487275,-99.104992,24988.235294117647
65.0,19.484356,-99.210811,23576.470588235294
73.0,,,33194.117647058825
94.0,19.362864,-99.173988,333500.0
107.0,19.350054,-99.123476,169411.76470588235
96.0,19.341894,-99.224525,175241.17647058822
60.0,19.4540833,-99.1252086,55882.35294117647
88.0,19.38342,-99.086604,111764.70588235294
90.0,19.366738,-99.14554,72000.0
70.0,19.453854,-99.193979,40023.529411764706
80.0,19.367424,-99.185753,188235.29411764705
70.0,19.402944,-99.199727,67023.5294117647
90.0,19.486016,-99.180528,73376.4705882353
97.0,19.367424,-99.185753,191176.4705882353
65.0,19.366901,-99.297272,122129.41176470589
58.0,19.4417291,-99.1629024,85294.11764705883
62.0,19.455159,-99.200508,56470.58823529412
70.0,19.378466,-99.197501,64705.882352941175
75.0,19.3755039,-99.1630337,290000.0
55.0,19.396727,-99.115875,86764.70588235294
80.0,19.377369,-99.198052,71628.70588235294
143.0,23.634501,-102.552788,371717.64705882355
87.0,19.4111668,-99.1644062,303217.64705882355
75.0,19.345651,-99.212079,114705.88235294117
75.0,19.382649,-99.143384,49324.82352941176
70.0,19.465349,-99.150474,48047.05882352941
60.0,19.496491,-99.149702,65294.117647058825
60.0,19.453854,-99.193979,40023.529411764706
68.0,19.472155,-99.161186,114708.70588235294
74.0,19.405298,-99.164986,251764.70588235295
80.0,19.452245,-99.15589,79705.88235294117
64.0,19.410307,-99.065399,100000.0
96.0,19.41498,-99.177444,319117.64705882355
67.0,19.428152,-99.106194,88235.29411764706
90.0,19.405887,-99.16285,49623.529411764706
80.0,19.305233,-99.12269,53235.294117647056
80.0,19.470359,-99.183001,69411.76470588235
69.0,,,148052.9411764706
65.0,19.369509,-99.172532,100588.23529411765
80.0,19.384467,-99.135872,109411.76470588235
108.0,19.3624155,-99.1300955,93529.41176470589
58.0,19.386852,-99.194748,95294.11764705883
68.0,19.2789407,-99.1343543,117647.05882352941
50.0,19.365567,-99.036448,32941.17647058824
54.0,19.381125,-99.1226,26075.882352941175
63.0,19.3513303772,-99.0817327425,30983.529411764706
80.0,19.332495,-99.168057,54705.882352941175
90.0,19.37314,-99.188301,101451.0
60.0,19.402603,-99.137615,126470.58823529411
69.0,19.465454,-99.162665,84155.05882352941
50.0,19.48964,-99.165167,57380.05882352941
75.0,19.395077,-99.168409,103320.41176470589
70.0,,,87058.82352941176
87.0,23.634501,-102.552788,259764.70588235295
150.0,19.433846,-99.1905,145171.76470588235
50.0,19.303385,-99.040458,30588.235294117647
70.0,19.325608,-99.06112,35411.76470588235
120.0,19.4034054,-99.1825418,233935.88235294117
60.0,,,217647.0588235294
54.0,23.634501,-102.552788,323529.4117647059
63.0,19.370501,-99.139389,111141.17647058824
106.0,19.3649271337,-99.163814038,286400.0
78.0,19.403707,-99.151813,100000.0
75.0,19.3755039,-99.1630337,237764.70588235295
75.0,19.39365,-99.14769,176017.64705882352
52.0,,,26470.58823529412
113.0,19.383364,-99.168089,144745.0588235294
65.0,19.408805,-99.129702,62352.94117647059
70.0,19.452621,-99.154479,58407.294117647056
60.0,19.454332,-99.200287,61568.64705882353
60.0,19.363469,-99.010141,31705.882352941175
64.0,19.477476,-99.093448,42705.882352941175
60.0,19.311038,-99.101601,22941.176470588234
65.0,19.399226,-99.134352,37395.76470588235
126.0,19.333901,-99.240356,275882.35294117645
108.0,19.3792868,-99.1652956,205882.35294117648
85.0,19.386852,-99.194748,120588.23529411765
60.0,19.44365,-99.141269,30900.0
70.0,19.3934821,-99.137825,114705.88235294117
75.0,19.415461,-99.124168,114764.70588235294
70.0,19.474884,-99.188233,79411.76470588235
125.0,19.403334,-99.157755,269420.5882352941
53.0,19.410553,-99.133858,87557.64705882352
70.0,19.326108,-99.122758,55588.23529411765
64.0,,,73529.41176470589
55.0,,,33013.529411764706
64.0,19.371342,-99.253616,159117.64705882352
80.0,19.3499358,-99.2906864,164705.88235294117
60.0,19.474655,-99.189277,39602.64705882353
60.0,19.496076,-99.204251,40484.41176470588
75.0,19.287455,-99.218351,110294.11764705883
65.0,19.359397,-99.060607,52294.117647058825
73.0,19.397352,-99.14891,164705.88235294117
69.0,19.428767,-99.1459,91176.4705882353
65.0,19.2981689,-99.1131054,136805.88235294117
110.0,19.380644,-99.179176,182352.9411764706
72.0,19.401507,-99.14682,101764.70588235294
70.0,19.484504,-99.180683,53504.23529411765
90.0,19.457982,-99.19269,49764.705882352944
69.0,19.342244,-99.146851,147235.29411764705
65.0,19.377369,-99.198052,64705.882352941175
66.0,19.459793,-99.140935,64705.882352941175
53.0,19.407816,-99.129707,62352.94117647059
60.0,19.452665,-99.121497,37843.117647058825
56.0,19.369555,-99.006656,26541.176470588234
65.0,,,52941.17647058824
70.0,19.417636,-99.153292,50459.41176470588
75.0,19.443285,-99.092053,34941.17647058824
103.0,19.273622,-99.142541,158952.9411764706
69.0,19.302588,-99.048903,39588.23529411765
55.0,19.406458,-99.135814,91248.0
100.0,19.337953,-99.240322,208823.5294117647
101.0,19.403316,-99.145023,70610.58823529411
75.0,19.360367,-99.192614,86470.58823529411
85.0,19.414261,-99.104118,159411.76470588235
55.0,19.3742208,-99.0090872,27417.529411764706
62.0,19.456208,-99.126229,53235.294117647056
57.0,19.298168,-99.113106,105294.11764705883
60.0,19.309208,-99.171906,94117.64705882352
73.0,19.3992361,-99.1463882,244117.64705882352
90.0,19.38828,-99.195529,50153.294117647056
82.0,19.432657,-99.177444,212941.17647058822
54.0,19.410307,-99.065399,55882.35294117647
65.0,19.386852,-99.194748,116470.58823529411
60.0,19.455259,-99.150242,60588.23529411765
70.0,19.461256,-99.133059,47323.529411764706
65.0,19.307417,-99.125191,41178.23529411765
50.0,19.403028,-99.106774,35686.294117647056
100.0,19.408904,-99.174556,119960.82352941176
60.0,19.511198,-99.200576,33854.05882352941
66.0,19.328386,-99.08782,37058.82352941176
64.0,19.412423,-99.162415,120588.23529411765
70.0,19.414009,-99.14248,43470.58823529412
100.0,19.41498,-99.177444,241176.4705882353
87.0,,,147058.82352941178
75.0,19.336195,-99.23692,109411.76470588235
64.0,19.386852,-99.194748,129022.5294117647
60.0,19.317698,-99.061256,31705.882352941175
60.0,19.396265,-99.18194,63529.41176470588
60.0,,,44117.64705882353
70.0,19.418048,-99.158527,67121.23529411765
60.0,19.375412,-99.144234,120882.35294117648
75.0,19.381978,-99.156831,158823.5294117647
75.0,19.399108,-99.115621,69416.17647058824
62.0,19.2790911,-99.2114234,76470.58823529411
70.0,19.456208,-99.126229,53214.117647058825
70.0,19.373469,-99.064839,65962.94117647059
80.0,19.349781,-99.226194,64280.882352941175
57.0,19.366738,-99.14554,72000.0
65.0,19.474631,-99.088611,39787.05882352941
50.0,19.530514,-99.144348,44235.294117647056
120.0,,,167647.0588235294
100.0,19.41498,-99.177444,205882.35294117648
60.0,19.374721,-99.140098,38047.05882352941
87.0,,,16176.470588235294
90.0,19.368335,-99.178389,99823.5294117647
50.0,,,75588.23529411765
69.0,19.2990233,-99.0436467,61350.35294117647
59.0,19.495085,-99.093742,42352.94117647059
72.0,19.376456,-99.145563,87058.82352941176
115.0,19.392025,-99.135302,57025.705882352944
74.0,19.507825,-99.143456,40235.294117647056
63.0,19.4306069,-99.0949899,134881.82352941178
50.0,19.538431,-99.143669,24282.352941176472
120.0,19.405298,-99.164986,371411.76470588235
64.0,19.369814,-99.29186,46058.82352941176
68.0,19.374739,-99.140184,120352.94117647059
66.0,19.448226,-99.173938,64058.82352941176
98.0,19.418578,-99.17134,111941.17647058824
54.0,19.527836,-99.169827,38392.94117647059
70.0,19.31691,-99.135933,44405.882352941175
65.0,19.386852,-99.194748,116470.58823529411
70.0,19.38512,-99.164668,129411.76470588235
65.0,19.391336,-99.14153,43882.35294117647
120.0,19.335033,-99.200347,165933.64705882352
80.0,19.39912,-99.141464,168529.41176470587
60.0,19.432399,-99.119672,41176.470588235294
53.0,19.318336,-99.07256,48540.0
70.0,19.861804,-90.488467,44196.05882352941
90.0,19.368823,-99.224603,62392.117647058825
90.0,19.368823,-99.224603,62392.117647058825
70.0,19.415143,-99.14685,40695.0
65.0,19.454332,-99.200287,60102.94117647059
80.0,19.368335,-99.178389,98647.05882352941
64.0,,,32352.941176470587
102.0,19.417364,-99.159454,258823.5294117647
50.0,19.475187,-99.175019,55006.58823529412
86.0,19.348211,-99.102702,38823.529411764706
61.0,19.458844,-99.204335,44711.76470588235
111.0,19.373842731,-99.1737840771,342941.17647058825
50.0,19.349174,-99.145828,181065.88235294117
80.0,19.320839,-99.087611,48274.529411764706
95.0,19.4374999,-99.1873839,332352.9411764706
98.0,19.422564,-99.154225,111941.17647058824
79.0,,,158952.9411764706
80.0,19.453854,-99.193979,40023.529411764706
140.0,19.4201028,-99.1712969,395968.0588235294
62.0,,,47058.82352941176
60.0,19.403193,-99.155647,95882.35294117648
69.0,19.284947,-99.193053,25647.058823529413
141.0,,,382352.9411764706
60.0,19.492195,-99.182526,32867.41176470588
68.0,19.452728,-99.121779,48400.0
100.0,19.380644,-99.179176,164705.88235294117
119.0,19.3752809,-99.1489484,158823.4705882353
85.0,19.389791,-99.164696,240823.5294117647
90.0,23.634501,-102.552788,217647.0588235294
65.0,19.305233,-99.12269,53235.294117647056
90.0,19.305561,-99.171219,85882.35294117648
64.0,19.395835,-99.135191,86470.58823529411
70.0,19.473002,-99.182225,52941.17647058824
70.0,19.374721,-99.140098,38047.05882352941
64.0,19.44396,-99.154836,116941.17647058824
100.0,19.382094,-99.144152,91176.4705882353
59.0,19.49141,-99.092897,42352.94117647059
65.0,19.403193,-99.155647,94488.0
55.0,19.352219,-99.157096,39647.529411764706
68.0,19.472155,-99.161186,114708.70588235294
51.0,19.446823,-99.130394,35294.117647058825
92.0,19.392937,-99.263313,19196.352941176472
60.0,,,58823.529411764706
90.0,19.367424,-99.185753,218823.5294117647
68.0,19.398794,-99.096016,37176.470588235294
78.0,,,180723.5294117647
70.0,19.38828,-99.195529,44533.705882352944
126.0,19.3605334,-99.2267067,286347.64705882355
70.0,19.3934821,-99.137825,114705.88235294117
89.0,19.400004,-99.16735,239670.58823529413
69.0,19.343679,-99.035354,50823.529411764706
100.0,19.394358,-99.177444,170588.23529411765
70.0,19.426948,-99.106956,49023.529411764706
90.0,,,238235.29411764705
98.0,19.32469,-99.039146,80000.0
114.0,19.418213,-99.135169,150882.35294117648
90.0,19.456439,-99.144414,51137.23529411765
65.0,19.317158,-99.08683,46764.705882352944
94.0,19.430937,-99.169525,294804.70588235295
63.0,19.417923,-99.148384,86135.29411764706
95.0,19.4563018802,-99.1472809017,58823.529411764706
60.0,19.438863,-99.172203,73529.41176470589
64.0,19.436024,-99.15461,264705.8823529412
90.0,19.302083,-99.230478,111294.11764705883
80.0,19.301865,-99.108429,70588.23529411765
117.0,19.441809,-99.156423,70588.23529411765
65.0,19.457982,-99.19269,49764.705882352944
60.0,,,34411.76470588235
52.0,19.446053,-99.138863,71117.64705882352
53.0,,,44117.64705882353
50.0,19.308287,-99.146309,83470.58823529411
60.0,19.408758,-99.129474,36581.17647058824
54.0,19.45178,-99.15709,24334.29411764706
60.0,19.461256,-99.133059,40000.0
50.0,19.302588,-99.048903,39588.23529411765
54.0,19.509401,-99.203751,30034.117647058825
60.0,19.395629,-99.192146,36470.58823529412
80.0,19.39942,-99.141673,68864.23529411765
70.0,,,44804.117647058825
65.0,19.439648,-99.08268,27142.764705882353
52.0,19.442254,-99.149556,44117.64705882353
90.0,19.4418,-99.156425,70588.23529411765
82.0,19.382013,-99.188522,129411.76470588235
100.0,19.386852,-99.194748,77058.82352941176
60.0,19.354509,-99.149765,35098.05882352941
65.0,19.465454,-99.162665,62352.94117647059
60.0,19.4186657,-99.1450748,35294.117647058825
100.0,19.400876,-99.161186,103529.41176470589
98.0,19.432657,-99.177444,244117.64705882352
75.0,19.44365,-99.141269,31791.764705882353
100.0,19.302678,-99.170213,226470.58823529413
70.0,19.359901,-99.189606,52411.76470588235
70.0,19.430525,-99.172792,88235.29411764706
50.0,19.3016532399,-99.040979594,9705.882352941177
99.0,19.367424,-99.185753,241764.70588235295
90.0,19.371132,-99.173156,92314.70588235294
63.0,,,45294.117647058825
120.0,19.376589,-99.153107,264705.8823529412
120.0,19.377169,-99.187643,63686.294117647056
70.0,19.473623,-99.124863,123529.41176470589
82.0,19.329553,-99.139745,158823.5294117647
55.0,19.4105829791,-99.066362679,49994.117647058825
75.0,19.470991,-99.168165,49282.882352941175
86.0,19.2609627863,-99.1195575893,35294.117647058825
64.0,19.3733676,-99.1337252,129530.4705882353
64.0,19.410307,-99.065399,100000.0
80.0,19.367307,-99.141429,83221.94117647059
57.0,19.346281,-99.079687,44117.64705882353
54.0,23.634501,-102.552788,32941.17647058824
107.0,19.39868,-99.132459,131823.5294117647
60.0,19.401209,-99.115341,32730.70588235294
60.0,19.449634,-99.133323,52072.117647058825
90.0,19.400959,-99.162199,134705.88235294117
57.0,19.298168,-99.113106,105294.11764705883
57.0,,,50000.0
80.0,19.383251,-99.105499,67352.94117647059
50.0,19.317698,-99.061256,50000.0
90.0,19.385867,-99.148503,66764.70588235294
80.0,19.465454,-99.162665,84155.05882352941
80.0,19.443357,-99.207884,110000.0
54.0,19.33225,-99.244048,150000.0
75.0,19.474655,-99.189277,44705.882352941175
64.0,19.3706856,-99.1409936,113176.4705882353
120.0,19.383446,-99.137643,76531.17647058824
64.0,19.394073,-99.153915,122100.0
80.0,19.380465,-99.154459,147411.76470588235
93.0,19.358585,-99.185753,251711.76470588235
70.0,19.321156,-99.133879,44405.882352941175
85.0,19.281423,-99.141801,60588.23529411765
60.0,19.452689,-99.117987,30235.470588235294
64.0,19.409369,-99.171906,270117.64705882355
80.0,19.376222,-99.159994,228235.29411764705
70.0,19.399671,-99.09683,61490.17647058824
68.0,19.382013,-99.188522,135294.11764705883
61.0,19.2990233,-99.0436467,87649.82352941176
70.0,19.436561,-99.15195,62352.94117647059
80.0,19.445744,-99.174986,42528.58823529412
67.0,19.473632,-99.122532,47058.82352941176
69.0,19.455641,-99.137279,32470.58823529412
90.0,,,35705.882352941175
70.0,19.39617,-99.13791,51764.705882352944
88.0,19.406622,-99.124168,117058.82352941176
70.0,19.455894,-99.18355,39607.882352941175
112.0,19.4061391,-99.1743656,320850.0
86.0,19.394073,-99.153915,205882.35294117648
96.0,19.341894,-99.224525,175241.17647058822
91.0,19.3924296,-99.1584618,252141.17647058822
141.0,,,382352.9411764706
65.0,19.440749,-99.141649,50281.76470588235
115.0,19.374036,-99.153362,254235.29411764705
50.0,19.291594,-99.052963,38529.41176470588
100.0,19.361036,-99.142745,186235.29411764705
55.0,19.3324283,-99.0612554,37058.82352941176
90.0,19.404442,-99.162688,84941.17647058824
75.0,19.3731619,-99.1303962,94117.64705882352
75.0,19.401819,-99.184615,87647.05882352941
61.0,19.416834,-99.101603,47647.05882352941
80.0,19.375972,-99.159974,231176.4705882353
50.0,19.471399,-99.135734,114705.88235294117
65.0,19.317534,-99.058491,38588.23529411765
113.0,19.4195256,-99.162549,311764.70588235295
60.0,19.394638,-99.186447,164705.88235294117
85.0,19.451919,-99.131919,32529.41176470588
56.0,19.376478,-99.127012,77205.88235294117
52.0,19.405298,-99.164986,174667.64705882352
65.0,19.392172,-99.154625,144705.88235294117
98.0,19.407187,-99.172405,260338.23529411765
57.0,19.379571,-99.146668,41376.470588235294
67.0,19.446829,-99.159454,135988.23529411765
141.0,19.3910737,-99.1657372,323529.4117647059
120.0,19.408904,-99.174556,119960.76470588235
74.0,19.444584,-99.174675,141176.4705882353
110.0,19.33247,-99.144753,60632.117647058825
80.0,19.339013,-99.182597,81312.94117647059
70.0,19.281423,-99.141801,60556.76470588235
85.0,19.350054,-99.123847,169411.76470588235
75.0,19.293424,-99.221828,110294.11764705883
80.0,19.454332,-99.200287,61568.58823529412
64.0,19.380747,-99.155304,179747.0588235294
95.0,19.4157753,-99.165401,342058.82352941175
80.0,19.383943,-99.173906,163212.82352941178
89.0,19.429263,-99.173446,270588.23529411765
70.0,19.48888,-99.179278,57380.0
60.0,19.391834,-99.188695,145265.76470588235
84.0,19.442152,-99.18603,59241.58823529412
60.0,19.359901,-99.189606,52411.76470588235
82.0,19.3427189674,-99.2225289345,197152.9411764706
60.0,19.373493,-99.189857,101451.0
80.0,19.485524,-99.210631,82941.17647058824
50.0,19.392025,-99.135302,57647.05882352941
70.0,19.416195,-99.157971,72078.4705882353
50.0,19.287188,-99.170525,76470.58823529411
90.0,19.36269,-99.150565,74117.64705882352
80.0,19.452015,-99.146021,41952.76470588235
116.0,19.2464696,-99.1013498,52313.529411764706
66.0,19.44821,-99.173939,64058.82352941176
130.0,19.437021,-99.2094141,335294.1176470588
75.0,19.426948,-99.106956,49022.17647058824
63.0,19.298168,-99.113106,48235.294117647056
85.0,19.309208,-99.171906,119823.5294117647
70.0,19.453691,-99.180039,58823.529411764706
145.0,23.634501,-102.552788,192072.88235294117
105.0,19.355921,-99.180214,345670.5882352941
90.0,19.364245,-99.302638,70588.23529411765
104.0,19.277282,-99.167204,111470.58823529411
115.0,19.400504,-99.156488,268235.29411764705
76.0,19.42196,-99.174559,108735.29411764706
68.0,23.634501,-102.552788,115558.82352941176
60.0,19.441879,-99.167819,35102.94117647059
65.0,19.339253,-99.182544,81176.4705882353
88.0,,,232941.17647058822
102.0,19.427607,-99.160835,197915.9411764706
70.0,19.333946,-99.237631,88247.05882352941
70.0,19.444569,-99.168699,40746.882352941175
120.0,19.367931,-99.170262,134117.64705882352
65.0,19.403155,-99.074139,36976.470588235294
60.0,,,38235.294117647056
89.0,19.501052,-99.093589,36101.17647058824
80.0,23.634501,-102.552788,341608.17647058825
62.0,19.39912,-99.141464,143475.0588235294
65.0,19.281996,-99.164753,28536.823529411766
60.0,19.348122,-99.125716,96980.0
90.0,19.451496,-99.153453,66078.41176470589
122.0,19.2990233,-99.0436467,96422.4705882353
60.0,19.445073,-99.189479,217647.0588235294
55.0,19.372684,-99.183678,158823.5294117647
90.0,19.377171,-99.188503,100588.23529411765
95.0,19.443178,-99.20237,116176.4705882353
111.0,19.418005,-99.146006,294117.64705882355
66.0,19.361468,-99.083751,30000.0
55.0,19.281164,-99.20237,25653.235294117647
120.0,19.367931,-99.170262,134705.88235294117
80.0,19.365917,-99.196977,44690.58823529412
115.0,19.380644,-99.179176,185882.35294117648
102.0,19.427607,-99.160835,197915.9411764706
120.0,19.399108,-99.181618,323529.4117647059
60.0,19.4306069,-99.0949899,166435.9411764706
80.0,23.634501,-102.552788,192233.17647058822
50.0,19.394525,-99.071784,37529.41176470588
70.0,19.386852,-99.194748,44117.64705882353
75.0,19.472481,-99.182374,60588.23529411765
70.0,19.393846,-99.18766,97411.76470588235
80.0,19.39867,-99.154329,118497.17647058824
55.0,19.44365,-99.141269,30900.0
50.0,19.490331,-99.207579,35647.0
63.0,19.298168,-99.113106,55882.35294117647
64.0,19.470215,-99.140075,52911.76470588235
96.0,19.389044,-99.179657,59411.76470588235
50.0,19.410307,-99.065399,49352.94117647059
94.0,19.400004,-99.16735,243294.11764705883
58.0,19.441234,-99.136622,69647.05882352941
81.0,19.457911,-99.144234,100000.0
85.0,19.380937,-99.179545,185882.35294117648
63.0,19.370853,-99.137552,188517.64705882352
91.0,19.3331432,-99.1103398,51470.58823529412
60.0,19.429437,-99.14346,52941.17647058824
86.0,19.400004,-99.16735,218235.29411764705
101.0,19.381729,-99.164986,227266.4705882353
120.0,19.356062,-99.191978,273058.82352941175
95.0,19.41498,-99.177444,170588.23529411765
90.0,19.37335,-99.174777,69803.88235294117
100.0,19.391074,-99.165737,232352.9411764706
63.0,19.370501,-99.139389,121082.35294117648
150.0,19.363542,-99.224084,51882.35294117647
52.0,,,23176.470588235294
120.0,19.365766,-99.263112,201176.4705882353
70.0,19.336195,-99.23692,100705.88235294117
65.0,19.365917,-99.196977,44705.882352941175
65.0,19.446829,-99.159454,182058.82352941178
80.0,19.3499358,-99.2906864,164705.88235294117
70.0,19.320091,-99.122211,57641.17647058824
65.0,19.472155,-99.161186,104411.76470588235
97.0,19.364891,-99.148384,147058.82352941178
60.0,19.3580697,-99.2740016,147058.82352941178
67.0,19.5226965,-99.1559565,27241.176470588234
65.0,19.486255,-99.214043,52352.94117647059
90.0,19.432657,-99.177444,205882.35294117648
80.0,19.378533,-99.187561,52411.76470588235
62.0,19.417186,-99.097597,47058.82352941176
90.0,19.42078,-99.167909,75843.11764705883
126.0,19.3918212288,-99.1599932313,169594.11764705883
70.0,19.458968,-99.152898,33452.705882352944
80.0,19.363542,-99.224084,52352.94117647059
60.0,19.403561,-99.156308,63882.35294117647
106.0,19.400249,-99.177444,276470.5882352941
56.0,19.352905,-99.196136,195911.76470588235
60.0,19.375412,-99.144234,120882.35294117648
56.0,19.450242,-99.194688,54764.705882352944
53.0,19.496639,-99.150459,41847.05882352941
94.0,19.3757192,-99.1717981,211764.70588235295
65.0,19.457982,-99.19269,61764.705882352944
70.0,19.402944,-99.199727,67282.35294117648
90.0,19.348122,-99.125716,91176.4705882353
100.0,19.347807,-99.216337,100823.5294117647
50.0,19.460786,-99.125137,47358.82352941176
58.0,19.370822,-99.105239,40058.82352941176
55.0,19.464025,-99.165779,55882.35294117647
79.0,,,169388.23529411765
96.0,19.341894,-99.224525,175241.17647058822
87.0,19.432657,-99.177444,259764.70588235295
135.0,19.369862,-99.268166,170588.23529411765
75.0,19.284672,-99.220367,110294.11764705883
85.0,19.363542,-99.224084,51882.35294117647
67.0,19.3653,-99.148217,71176.4705882353
62.0,19.291981,-99.041115,33529.41176470588
51.0,19.38828,-99.195529,50153.294117647056
80.0,19.387209,-99.222038,97058.82352941176
63.0,19.498399,-99.176524,52411.76470588235
60.0,19.44365,-99.141269,30900.0
148.0,19.424267,-99.169505,241176.4705882353
70.0,19.381386,-99.163546,82941.17647058824
90.0,19.382649,-99.143384,49324.82352941176
83.0,19.33923,-99.218987,164705.88235294117
96.0,19.41498,-99.177444,319117.64705882355
88.0,19.362511,-99.166374,200682.35294117648
75.0,19.435303,-99.133876,37058.82352941176
65.0,19.410215,-99.14595,49179.76470588235
120.0,19.405298,-99.164986,371411.76470588235
65.0,19.377369,-99.198052,71628.70588235294
58.0,19.3850289,-99.1944048,129411.76470588235
93.0,19.358585,-99.185753,251711.76470588235
64.0,19.398135,-99.137113,114705.88235294117
68.0,19.383948,-99.067884,28246.235294117647
71.0,19.2811700298,-99.187091589,39176.470588235294
70.0,19.400623,-99.14173,62352.94117647059
80.0,19.387245,-99.147388,164705.88235294117
68.0,19.387512,-99.175569,208823.5294117647
64.0,19.36986,-99.1389912,117058.82352941176
70.0,19.3366,-99.176275,92078.4705882353
90.0,19.39527,-99.068478,28451.0
65.0,19.346609,-99.072311,67647.05882352941
110.0,19.436771,-99.179332,370588.23529411765
75.0,19.377171,-99.188503,119294.11764705883
84.0,19.408949,-99.180214,266917.64705882355
61.0,19.364891,-99.148384,156894.11764705883
118.0,19.381729,-99.164986,284009.17647058825
140.0,19.3815906,-99.1653974,368235.29411764705
108.0,19.3407354,-99.210839,261764.70588235295
100.0,19.373136,-99.151223,98039.17647058824
138.0,19.418954,-99.175285,341176.4705882353
90.0,,,64705.882352941175
80.0,19.3499358,-99.2906864,182352.9411764706
105.0,19.387209,-99.222038,109294.11764705883
106.0,19.3935239,-99.1764674,364882.35294117645
90.0,19.504985,-99.208557,76435.17647058824
62.0,19.39365,-99.14769,75294.11764705883
71.0,19.379487,-99.162386,205882.35294117648
82.0,19.46202,-99.188347,137941.17647058822
70.0,19.365312,-99.199818,51176.470588235294
80.0,19.441809,-99.156423,67895.23529411765
111.0,19.3641982,-99.2042772,224788.23529411765
60.0,19.411112,-99.193066,69411.76470588235
85.0,19.428622,-99.14602,38235.294117647056
110.0,19.371342,-99.253616,201176.4705882353
107.0,19.39557,-99.132937,102058.82352941176
73.0,19.364891,-99.148384,150452.9411764706
65.0,19.474446,-99.088493,39787.05882352941
76.0,19.284672,-99.220367,104149.41176470589
65.0,19.485544,-99.21656,52352.94117647059
94.0,19.36418,-99.190162,276119.5294117647
90.0,19.313878,-99.094271,82529.41176470589
75.0,19.484532,-99.207027,85539.23529411765
114.0,19.376822,-99.174675,260941.17647058822
55.0,19.372684,-99.183678,158823.5294117647
50.0,19.475237,-99.210828,31588.235294117647
54.0,19.4211791,-99.1412912,73529.41176470589
111.0,19.361111,-99.194061,381705.8823529412
98.0,19.422564,-99.154225,111941.17647058824
50.0,19.308287,-99.146309,83470.58823529411
70.0,19.413523,-99.096141,31352.941176470587
70.0,19.448311,-99.157021,30000.0
80.0,19.421988,-99.168753,101568.64705882352
69.0,19.396213,-99.142238,47352.94117647059
68.0,19.454459,-99.129125,40058.82352941176
60.0,19.35282,-99.168727,36352.94117647059
90.0,19.375412,-99.144234,64458.82352941176
75.0,19.365467,-99.196621,29411.764705882353
65.0,19.3757,-99.196831,64705.882352941175
83.0,23.634501,-102.552788,72529.41176470589
65.0,19.377369,-99.198052,64705.882352941175
67.0,19.4702255,-99.1364305,144294.11764705883
90.0,19.362547,-99.231102,66453.29411764706
90.0,19.380951,-99.13662,68117.64705882352
65.0,19.3182548,-99.0844132,55176.470588235294
78.0,19.39365,-99.14769,95882.35294117648
65.0,19.436024,-99.15461,301294.1176470588
65.0,19.366901,-99.297272,121600.0
97.0,19.350054,-99.123847,169411.76470588235
150.0,19.395798,-99.167816,376470.5882352941
117.0,19.405298,-99.164986,164705.88235294117
60.0,19.485001,-99.144738,52941.17647058824
80.0,23.634501,-102.552788,192233.17647058822
59.0,19.4557379025,-99.2047137022,47058.82352941176
85.0,19.348122,-99.125716,96980.0
65.0,19.378481,-99.197672,64705.882352941175
85.0,19.368544,-99.163605,214705.88235294117
130.0,19.494455,-99.127874,135000.0
85.0,19.400785,-99.147419,59111.76470588235
90.0,19.368544,-99.163605,132156.88235294117
85.0,19.398671,-99.134129,87058.82352941176
140.0,19.337753,-99.030333,64705.882352941175
65.0,19.400731,-99.125466,76000.0
60.0,19.51119,-99.19437,33854.05882352941
75.0,19.393385,-99.21247,88235.29411764706
70.0,19.410215,-99.14595,65505.882352941175
67.0,19.395835,-99.135191,86470.58823529411
54.0,23.634501,-102.552788,323529.4117647059
100.0,19.400007,-99.147221,80676.4705882353
86.0,19.396705,-99.181902,86564.70588235294
63.0,19.371249,-99.140513,111141.17647058824
80.0,,,66453.29411764706
85.0,,,214705.88235294117
64.0,19.445186,-99.135618,52352.94117647059
70.0,19.466385,-99.160928,62352.94117647059
95.0,19.314143,-99.134709,100470.58823529411
60.0,19.401128,-99.171551,117647.05882352941
64.0,19.436024,-99.15461,264705.8823529412
115.0,19.3668017,-99.1724994,270588.23529411765
70.0,19.466822,-99.157379,94117.64705882352
65.0,19.409748,-99.13548,88235.29411764706
85.0,19.368544,-99.163605,214705.88235294117
97.0,19.400249,-99.177444,220588.23529411765
110.0,,,288264.70588235295
51.0,,,30088.235294117647
65.0,19.384467,-99.135872,109411.76470588235
80.0,19.41947,-99.100507,65882.35294117648
117.0,19.3916143,-99.1854946,270588.23529411765
60.0,19.449518,-99.13769,43725.470588235294
65.0,19.287428,-99.122283,73529.41176470589
64.0,19.410307,-99.065399,100000.0
65.0,19.413992,-99.138695,94488.0
50.0,19.317698,-99.061256,50000.0
72.0,19.3720882,-99.1814146,251176.4705882353
71.0,19.364891,-99.148384,173588.23529411765
97.0,19.400249,-99.177444,220588.23529411765
68.0,19.41498,-99.177444,341352.9411764706
70.0,19.39365,-99.14769,138235.29411764705
121.0,19.2990233,-99.0436467,88813.64705882352
70.0,19.302569,-99.167059,85882.35294117648
67.0,19.446829,-99.159454,135988.23529411765
76.0,19.446829,-99.159454,135405.88235294117
95.0,,,248235.29411764705
106.0,19.458391,-99.18571,54705.882352941175
90.0,19.313878,-99.094271,82529.41176470589
108.0,19.390031,-99.174182,234117.64705882352
70.0,19.4195256,-99.162549,292647.0588235294
102.0,19.330258,-99.248987,229411.76470588235
83.0,19.305561,-99.171219,187529.41176470587
66.0,19.305561,-99.171219,62352.94117647059
76.0,19.441821,-99.156452,58235.294117647056
70.0,19.417363,-99.068463,58823.529411764706
50.0,19.404661,-99.133858,88235.29411764706
60.0,19.396502,-99.128797,44600.0
71.0,19.335419,-99.119331,56817.64705882353
110.0,,,100588.23529411765
60.0,19.482603,-99.194748,88235.29411764706
65.0,19.329109,-99.127632,88235.29411764706
85.0,19.384371,-99.135965,74882.35294117648
117.0,19.417364,-99.159454,342058.82352941175
70.0,19.466659,-99.188824,39490.17647058824
145.0,19.3414129,-99.2290163,273529.4117647059
80.0,19.279682,-99.208766,63823.529411764706
70.0,19.412142,-99.146127,50000.0
65.0,19.493185,-99.205755,38882.35294117647
88.0,19.3427258513,-99.1475611925,244117.64705882352
85.0,19.501543,-99.206177,76435.17647058824
80.0,19.393865,-99.166391,135294.11764705883
59.0,19.368281,-99.293229,66470.58823529411
92.0,19.394358,-99.177444,170588.23529411765
68.0,,,203000.0
75.0,19.446253,-99.157519,35882.35294117647
114.0,19.394073,-99.153915,285294.1176470588
60.0,19.444888,-99.171777,79411.76470588235
90.0,19.365766,-99.263112,201176.4705882353
76.0,19.365088,-99.148127,71176.4705882353
76.0,,,58823.529411764706
85.0,19.3649554,-99.1923622,154117.64705882352
105.0,19.355921,-99.180214,345670.5882352941
122.0,19.400959,-99.162199,285294.1176470588
105.0,19.355921,-99.180214,345670.5882352941
63.0,19.417923,-99.148384,86135.29411764706
133.0,19.3973062792,-99.1587439924,341176.4705882353
55.0,19.372684,-99.183678,158823.5294117647
91.0,19.317741,-99.119331,73015.29411764706
90.0,19.341081,-99.207597,191176.4705882353
56.0,19.506314,-99.158182,64705.882352941175
73.0,19.4301322,-99.1691413,234705.88235294117
82.0,,,123529.41176470589
70.0,19.410215,-99.14595,49179.76470588235
85.0,19.397523,-99.161493,136078.41176470587
85.0,19.375733,-99.139518,74882.35294117648
70.0,19.396747,-99.179258,99803.94117647059
60.0,19.412142,-99.146127,50000.0
65.0,19.36269,-99.150565,74117.64705882352
53.0,19.3615,-99.098587,32352.941176470587
81.0,19.3626963,-99.1235565,56529.41176470588
80.0,19.365865,-99.148341,107404.23529411765
50.0,19.454082,-99.125206,70588.23529411765
70.0,19.427754,-99.171109,88823.5294117647
65.0,19.474655,-99.189277,44705.882352941175
63.0,23.634501,-102.552788,43861.882352941175
55.0,19.376802,-99.116562,51529.41176470588
61.0,19.428622,-99.14602,59235.294117647056
62.0,19.456145,-99.201167,61058.82352941176
84.0,19.287598,-99.14769,172841.35294117648
68.0,19.453691,-99.180039,58823.529411764706
60.0,19.396247,-99.190282,64117.64705882353
80.0,19.395097,-99.150424,59350.117647058825
60.0,19.430766,-99.191251,252941.17647058822
85.0,19.4431776,-99.2023662,305882.35294117645
80.0,19.375972,-99.159974,227647.0588235294
135.0,19.387451,-99.175462,352352.9411764706
70.0,19.305481,-99.126693,52941.17647058824
150.0,19.4351765,-99.2004541,54352.94117647059
68.0,19.452503,-99.120018,50529.41176470588
65.0,19.309208,-99.171906,43705.882352941175
90.0,19.368823,-99.224603,61803.882352941175
50.0,19.454082,-99.125206,70588.23529411765
91.0,19.339774,-99.17324,73529.41176470589
75.0,19.410501,-99.119954,49058.82352941176
70.0,19.402944,-99.199727,67023.5294117647
62.0,19.4306069,-99.0949899,131418.9411764706
64.0,19.371342,-99.253616,159117.64705882352
70.0,19.370272,-99.149127,44705.882352941175
80.0,19.390271,-99.151588,99215.64705882352
102.0,19.3305615,-99.2483904,205941.70588235295
91.0,19.3867842,-99.1771664,295535.76470588235
70.0,19.414261,-99.104118,49705.882352941175
50.0,19.414969,-99.13917,52352.94117647059
92.0,19.3649315,-99.2202321,63887.64705882353
75.0,19.370272,-99.149127,58823.529411764706
80.0,19.309824,-99.045654,47841.17647058824
80.0,19.3499358,-99.2906864,164705.88235294117
87.0,19.3866295,-99.1749358,299270.5882352941
78.0,19.437285,-99.174303,118996.4705882353
96.0,19.389044,-99.179657,59411.76470588235
80.0,19.498877,-99.207909,44183.529411764706
62.0,,,104403.70588235294
60.0,19.33427,-99.083374,57647.05882352941
99.0,19.318989,-99.094437,176470.58823529413
53.0,19.440935,-99.188522,211764.70588235295
80.0,19.366632,-99.1979,44774.82352941176
50.0,19.312223,-99.105454,22941.176470588234
80.0,19.446915,-99.128639,40347.529411764706
89.0,19.41498,-99.177444,247058.82352941178
69.0,19.472155,-99.161186,104117.64705882352
111.0,19.361111,-99.194061,381705.8823529412
58.0,19.365917,-99.196977,44690.58823529412
50.0,19.445553,-99.097057,56869.470588235294
50.0,19.4192243949,-99.101099968,46470.58823529412
82.0,,,282352.9411764706
60.0,19.524143,-99.160149,35294.117647058825
66.0,19.497521,-99.203979,60588.23529411765
68.0,19.397983,-99.146696,93529.41176470589
81.0,19.2947596,-99.1663731,64705.882352941175
70.0,19.370272,-99.149127,41534.705882352944
113.0,19.367065,-99.172099,144745.0588235294
150.0,19.48527,-99.200287,123529.41176470589
98.0,19.3777,-99.124021,152352.9411764706
60.0,19.493185,-99.205755,38882.35294117647
84.0,19.391819,-99.188639,80000.0
76.0,19.445743,-99.174986,42528.58823529412
65.0,19.463957,-99.119607,29325.29411764706
110.0,19.412635,-99.171928,238235.29411764705
75.0,19.375626,-99.15461,123176.4705882353
70.0,19.3984396984,-99.1601085663,216470.58823529413
80.0,19.427754,-99.171109,88235.29411764706
75.0,19.306198,-99.235825,38352.94117647059
150.0,19.455666,-99.188522,235294.11764705883
80.0,19.453564,-99.133092,43338.58823529412
80.0,19.368808,-99.112954,123529.41176470589
64.0,19.410307,-99.065399,100000.0
50.0,19.456747,-99.189193,41725.470588235294
80.0,19.543029,-99.125098,80823.5294117647
96.0,19.341894,-99.224525,175241.17647058822
64.0,19.351371,-99.161529,39647.05882352941
65.0,19.387651,-99.142257,64411.76470588235
60.0,19.273713,-99.120741,78730.76470588235
140.0,19.384037,-99.140704,261176.4705882353
96.0,19.3601989,-99.2994978,170588.23529411765
56.0,19.342083,-99.0532159,27747.529411764706
80.0,19.398514,-99.130366,50720.705882352944
68.0,19.3733676,-99.1337252,149189.0588235294
56.0,,,24299.0
70.0,19.365156,-99.160811,97058.82352941176
125.0,19.335116,-99.223332,191764.70588235295
90.0,19.465454,-99.162665,84155.05882352941
60.0,19.453854,-99.193979,40023.529411764706
69.0,19.2990233,-99.0436467,61350.35294117647
67.0,19.428152,-99.106194,88235.29411764706
60.0,19.396705,-99.181902,86564.70588235294
80.0,19.445744,-99.174986,42528.58823529412
50.0,19.418198,-99.144746,38431.35294117647
110.0,19.396593,-99.133163,87058.82352941176
75.0,19.381729,-99.164986,111764.70588235294
80.0,19.328705,-99.124996,42745.117647058825
98.0,19.394358,-99.177444,298547.0588235294
73.0,19.390434,-99.019779,73529.41176470589
50.0,19.400379,-99.131088,73529.41176470589
56.0,19.361276,-99.007324,28793.823529411766
126.0,19.4482164,-99.1589625,199411.76470588235
80.0,19.41498,-99.177444,325588.23529411765
97.0,19.271467,-99.146309,140941.17647058822
86.0,19.380937,-99.179545,220058.82352941178
70.0,19.403155,-99.074139,36976.470588235294
64.0,19.375412,-99.144234,140493.11764705883
118.0,19.314831,-99.140445,229411.76470588235
55.0,19.449277,-99.174463,42528.58823529412
110.0,19.40571,-99.176403,375406.0
70.0,,,94117.64705882352
76.0,19.442792,-99.191379,64705.882352941175
87.0,19.394358,-99.177444,299270.5882352941
133.0,19.445032,-99.140207,66348.23529411765
60.0,19.386852,-99.194748,73529.41176470589
76.0,19.428554,-99.140051,43470.58823529412
86.0,19.436024,-99.15461,270588.23529411765
74.0,19.405298,-99.164986,251764.70588235295
130.0,19.324216,-99.216411,288823.5294117647
88.0,,,370117.64705882355
65.0,19.398167,-99.109248,78823.5294117647
137.0,19.275206,-99.218292,364705.8823529412
95.0,19.432657,-99.177444,241176.4705882353
120.0,19.384533,-99.183172,211764.70588235295
65.0,19.491447,-99.180214,32867.41176470588
120.0,19.301781,-99.20237,294117.64705882355
75.0,19.418573,-99.145958,55294.117647058825
66.0,23.634501,-102.552788,54240.94117647059
64.0,19.3638234,-99.1444714,140882.35294117648
131.0,19.4856387,-99.1083012,271129.70588235295
60.0,19.485524,-99.210631,88135.05882352941
80.0,19.3499358,-99.2906864,182352.9411764706
110.0,19.282895,-99.166933,34419.17647058824
65.0,19.425063,-99.141693,33294.117647058825
65.0,19.474655,-99.189277,27223.0
101.0,19.357464,-99.207909,182352.9411764706
96.0,19.417364,-99.159454,188235.29411764705
75.0,19.391506,-99.160102,126352.94117647059
70.0,19.368628,-99.070683,50745.05882352941
102.0,19.479366,-99.185756,81159.5294117647
70.0,19.51119,-99.19437,33854.05882352941
70.0,,,51176.470588235294
72.0,19.363524,-99.247303,41117.64705882353
55.0,,,70000.0
104.0,19.302422,-99.230829,116000.0
100.0,19.3605334,-99.2267067,184705.88235294117
55.0,19.39801,-99.115035,89229.17647058824
70.0,19.386821,-99.164805,174960.41176470587
116.0,19.39942,-99.141673,68805.35294117648
75.0,19.385989,-99.186285,88676.4705882353
52.0,19.402751,-99.098584,81764.70588235294
65.0,,,99294.11764705883
80.0,,,43664.529411764706
79.0,19.321514,-99.13902,188235.29411764705
74.0,19.394073,-99.153915,188517.64705882352
143.0,,,317647.0588235294
70.0,19.306092,-99.113431,61673.529411764706
65.0,19.445816,-99.170462,80738.23529411765
83.0,19.36476,-99.163522,232352.9411764706
67.0,19.3649962,-99.2415231,112235.29411764706
80.0,19.468153,-99.189217,135294.11764705883
57.0,19.4306069,-99.0949899,158850.70588235295
64.0,19.478815,-99.196831,85294.11764705883
61.0,,,175158.82352941178
140.0,19.3382158862,-99.182574749,197058.82352941178
70.0,19.387651,-99.142257,44117.64705882353
67.0,,,129411.76470588235
62.0,19.318989,-99.094437,81176.4705882353
120.0,19.384533,-99.183172,211764.70588235295
80.0,19.367025,-99.170349,185294.11764705883
75.0,19.479447,-99.157515,141176.4705882353
71.0,19.417364,-99.159454,263529.4117647059
80.0,19.372724,-99.137094,44529.41176470588
72.0,19.43672,-99.138969,69411.76470588235
75.0,19.307951,-99.134178,129889.41176470589
98.0,19.394358,-99.177444,298529.4117647059
60.0,19.2990233,-99.0436467,60461.58823529412
85.0,19.425295,-99.225453,347882.35294117645
58.0,19.438456,-99.150497,35294.117647058825
90.0,19.400919,-99.147494,85294.11764705883
75.0,19.455936,-99.21299,70588.23529411765
60.0,19.493973,-99.130394,118058.82352941176
92.0,19.3174567525,-99.1231891772,58584.705882352944
80.0,19.29744,-99.145971,65862.11764705883
86.0,19.417364,-99.159454,205882.35294117648
55.0,19.392349,-99.07093,69114.41176470589
101.0,19.394073,-99.153915,70610.58823529411
98.0,19.380937,-99.179545,185882.35294117648
100.0,19.2812915544,-99.2034316063,111764.70588235294
60.0,19.3921846,-99.1353572,58235.294117647056
62.0,19.364891,-99.148384,94117.64705882352
150.0,19.382986,-99.241837,201176.4705882353
90.0,19.314216,-99.135841,107411.76470588235
65.0,19.439253,-99.163605,155882.35294117648
90.0,19.341176,-99.217558,93960.76470588235
57.0,19.366738,-99.14554,71411.76470588235
130.0,19.324216,-99.216411,288823.5294117647
60.0,19.364257,-99.161918,79470.58823529411
80.0,19.377404,-99.193301,102058.82352941176
75.0,19.428324,-99.176337,195642.9411764706
75.0,19.348122,-99.125716,96980.05882352941
60.0,19.482603,-99.194748,88235.29411764706
70.0,19.306202,-99.235727,41294.117647058825
75.0,19.336195,-99.23692,83647.05882352941
148.0,19.3679526,-99.2983107,255905.88235294117
60.0,19.417923,-99.148384,55294.117647058825
90.0,19.380644,-99.179176,176470.58823529413
100.0,19.367424,-99.185753,176470.58823529413
60.0,,,109411.76470588235
63.0,19.394358,-99.177444,187705.88235294117
60.0,19.440935,-99.188522,247058.82352941178
80.0,19.376089,-99.186225,76000.0
90.0,19.384664,-99.140542,69882.35294117648
65.0,19.3923495,-99.0709315,41176.470588235294
90.0,19.395268,-99.175265,177450.70588235295
135.0,19.396018,-99.147826,205421.0
80.0,19.416881,-99.109781,87941.17647058824
75.0,19.410966,-99.147629,41701.94117647059
59.0,19.523798,-99.155941,40470.58823529412
65.0,19.409748,-99.13548,88235.29411764706
102.0,19.372684,-99.183678,229411.76470588235
60.0,19.396705,-99.181902,86564.70588235294
134.0,19.3378258,-99.2085478,250588.23529411765
50.0,19.287188,-99.170525,76470.58823529411
135.0,19.382986,-99.241837,305882.35294117645
67.0,19.3653,-99.148217,71176.4705882353
115.0,19.359983,-99.158066,236764.70588235295
129.0,19.403193,-99.157761,147058.82352941178
70.0,19.399226,-99.134352,37395.76470588235
65.0,19.399461,-99.175182,56882.35294117647
100.0,19.39365,-99.14769,183176.4705882353
65.0,19.414713,-99.149175,44000.0
143.0,19.430132,-99.169144,35294.117647058825
70.0,19.377369,-99.198052,71628.64705882352
80.0,19.3108788,-99.1386972,123529.41176470589
105.0,19.408904,-99.174556,119960.76470588235
100.0,19.393568,-99.186143,97411.76470588235
85.0,19.433846,-99.190497,145176.4705882353
60.0,19.398671,-99.134129,57025.705882352944
65.0,19.386852,-99.194748,116470.58823529411
70.0,19.385989,-99.186285,88676.4705882353
60.0,19.242355,-99.097161,36000.0
60.0,19.264168,-99.119228,46164.705882352944
50.0,19.384117,-99.205132,45317.64705882353
65.0,19.452503,-99.120018,79411.76470588235
90.0,19.3257242,-99.2170325,170588.23529411765
150.0,19.2775156,-99.1645304,205882.35294117648
82.0,19.440569,-99.177506,56231.41176470588
106.0,19.372334,-99.190598,217647.0588235294
70.0,19.470359,-99.183001,69411.76470588235
90.0,19.37487,-99.187989,103912.94117647059
85.0,19.432657,-99.177444,188235.29411764705
60.0,19.428767,-99.1459,63292.82352941176
98.0,19.39912,-99.141464,170588.23529411765
65.0,19.452689,-99.117987,40494.0
85.0,19.437841,-99.220367,68235.29411764706
60.0,19.397901,-99.16603,75098.05882352941
55.0,19.454183,-99.153562,97077.5294117647
70.0,19.39617,-99.13791,51764.705882352944
69.0,19.473486,-99.185753,155263.5294117647
70.0,19.3794059,-99.1591446,220664.70588235295
86.0,,,205882.35294117648
55.0,,,120588.23529411765
63.0,19.444723,-99.186447,82352.94117647059
90.0,23.634501,-102.552788,85882.35294117648
67.0,19.446829,-99.159454,135988.23529411765
68.0,19.375617,-99.137054,123529.41176470589
56.0,,,27571.529411764706
137.0,19.402234,-99.152296,182352.9411764706
50.0,19.386852,-99.194748,50000.0
65.0,19.472155,-99.161186,104411.76470588235
95.0,19.436607,-99.159948,68235.29411764706
100.0,19.395126,-99.168455,100470.58823529411
148.0,19.382944,-99.180028,355294.1176470588
85.0,19.445816,-99.170462,67035.29411764706
60.0,19.446313,-99.14006,23823.529411764706
140.0,19.433846,-99.1905,145176.4705882353
136.0,,,286764.70588235295
143.0,19.417661,-99.177753,390000.0
102.0,19.479338,-99.185763,81159.5294117647
103.0,19.38499,-99.227853,56862.705882352944
65.0,19.456941,-99.156312,28823.529411764706
110.0,19.41498,-99.177444,247058.82352941178
66.0,19.348144,-99.187502,113725.4705882353
145.0,,,361764.70588235295
105.0,19.423682,-99.163511,169411.76470588235
70.0,19.474706,-99.18843,37058.82352941176
103.0,19.38499,-99.227853,56862.705882352944
74.0,,,193764.70588235295
60.0,19.328833,-99.133163,119117.64705882352
50.0,19.377671,-99.2222662,88235.29411764706
56.0,19.506042,-99.153915,52882.35294117647
51.0,19.400097,-99.122093,99941.17647058824
70.0,19.383446,-99.137643,73700.88235294117
110.0,19.375374,-99.137657,87058.82352941176
120.0,19.3905009,-99.1654097,323529.4117647059
85.0,19.452015,-99.146021,34558.82352941176
62.0,19.4306069,-99.0949899,131418.9411764706
83.0,19.3688273,-99.1617825,152941.17647058822
60.0,19.456513,-99.179793,57058.82352941176
50.0,19.310943,-99.049669,45294.117647058825
51.0,19.326149,-99.072396,45352.94117647059
60.0,19.408155,-99.107965,27415.58823529412
98.0,19.394358,-99.177444,298547.0588235294
58.0,19.370822,-99.105239,40058.82352941176
60.0,19.446915,-99.128639,40347.529411764706
50.0,19.317698,-99.061256,50000.0
101.0,19.39365,-99.14769,300070.5882352941
80.0,19.467806,-99.130254,34927.294117647056
63.0,19.2990233,-99.0436467,62492.23529411765
97.0,19.3928098,-99.1497664,282352.9411764706
75.0,19.462355,-99.193313,60588.23529411765
53.0,19.331932,-99.246689,138235.29411764705
90.0,19.399815,-99.150806,134117.64705882352
75.0,19.394628,-99.143842,82352.94117647059
64.0,,,52065.41176470588
50.0,19.41031,-99.098527,50455.882352941175
59.0,19.452301,-99.207422,44117.64705882353
93.0,19.387579,-99.170353,122941.17647058824
54.0,19.371745,-99.212281,48823.529411764706
75.0,19.393674,-99.187743,97411.76470588235
60.0,19.345528,-99.189906,52411.76470588235
70.0,19.328386,-99.08782,37058.82352941176
95.0,19.380951,-99.13662,73700.82352941176
79.0,19.473001,-99.087491,40058.23529411765
90.0,19.35782,-99.149406,76176.4705882353
55.0,19.439253,-99.163605,98823.5294117647
128.0,19.369018,-99.174236,394613.5294117647
80.0,19.446852,-99.154461,55717.64705882353
120.0,19.386395,-99.173041,94117.64705882352
68.0,19.428152,-99.106194,75000.0
70.0,19.360367,-99.192614,86470.58823529411
96.0,19.395097,-99.150424,59352.94117647059
98.0,19.380644,-99.179176,185882.35294117648
66.0,19.366505,-99.222297,94705.88235294117
54.0,,,43529.41176470588
84.0,19.391819,-99.188639,80000.0
117.0,19.2990233,-99.0436467,88813.64705882352
100.0,19.3880398,-99.1695793,126470.58823529411
75.0,19.404403,-99.175446,78491.35294117648
60.0,23.634501,-102.552788,91176.4705882353
97.0,19.341894,-99.224525,186923.5294117647
80.0,19.35697,-99.23214,49531.58823529412
130.0,19.441733,-99.161653,107011.76470588235
50.0,19.417636,-99.153292,50459.41176470588
74.0,19.3820341,-99.1561756,188235.29411764705
60.0,19.485634,-99.17321,62176.470588235294
60.0,19.402752,-99.098587,87058.82352941176
80.0,19.399028,-99.175227,116470.58823529411
70.0,19.397531,-99.182964,65058.82352941176
90.0,19.328705,-99.164986,109170.58823529411
70.0,19.445742,-99.159469,90058.82352941176
67.0,19.3923907,-99.1580693,164705.88235294117
83.0,19.355673,-99.100507,72529.41176470589
54.0,19.470991,-99.168165,49282.882352941175
70.0,19.516777,-99.160149,44117.64705882353
122.0,23.634501,-102.552788,285294.1176470588
70.0,19.36783,-99.218387,94705.88235294117
150.0,19.2775156,-99.1645304,223529.41176470587
80.0,19.366302,-99.193367,62117.64705882353
56.0,19.417923,-99.148384,88235.29411764706
54.0,19.410441,-99.06085,64705.882352941175
50.0,19.404661,-99.133858,88235.29411764706
65.0,19.446829,-99.159454,182058.82352941178
60.0,19.4451458852,-99.1438865662,40000.0
53.0,23.634501,-102.552788,70114.11764705883
60.0,19.45178,-99.15709,28881.70588235294
70.0,19.383446,-99.137643,73700.88235294117
83.0,19.368808,-99.112954,123529.41176470589
70.0,19.474655,-99.189277,44705.882352941175
60.0,19.395835,-99.135191,86470.58823529411
95.0,19.382013,-99.188522,205352.9411764706
101.0,,,285294.1176470588
60.0,19.3930294,-99.0701574,79411.76470588235
120.0,19.356062,-99.191978,273058.82352941175
79.0,23.634501,-102.552788,39785.35294117647
60.0,23.634501,-102.552788,100588.23529411765
90.0,19.395327,-99.153087,146882.35294117648
80.0,19.395261,-99.153153,146274.5294117647
53.0,,,176470.58823529413
70.0,19.473486,-99.185753,58823.529411764706
70.0,,,51137.23529411765
95.0,19.422832,-99.104722,65882.35294117648
80.0,19.304501,-99.123121,53235.294117647056
80.0,19.263022,-99.119657,42800.0
58.0,19.52303,-99.161839,48117.64705882353
121.0,19.368676,-99.169409,366647.0588235294
90.0,19.375618,-99.194918,103912.94117647059
67.0,19.445845,-99.149765,79411.76470588235
75.0,19.398006,-99.080694,70588.23529411765
110.0,19.309196,-99.219505,136058.82352941178
141.0,19.390663,-99.161646,320588.23529411765
70.0,19.451872,-99.173522,74705.88235294117
57.0,19.460741,-99.128196,72176.4705882353
60.0,19.383958,-99.101064,33015.882352941175
100.0,19.41498,-99.177444,235294.11764705883
75.0,19.470359,-99.183001,69411.76470588235
70.0,,,32211.764705882353
50.0,19.417923,-99.148384,55294.117647058825
68.0,19.372684,-99.183678,135294.11764705883
120.0,19.302721,-99.10851,99470.58823529411
60.0,,,111764.70588235294
85.0,19.436607,-99.159948,64705.882352941175
129.0,19.390748,-99.158695,147058.82352941178
75.0,19.348558,-99.119901,77647.05882352941
65.0,19.386852,-99.194748,116470.58823529411
65.0,19.3757,-99.196831,64705.882352941175
120.0,19.444013,-99.202825,169093.9411764706
60.0,19.281996,-99.164753,28536.823529411766
87.0,19.394358,-99.177444,299270.5882352941
80.0,19.417355,-99.132645,53998.117647058825
102.0,19.427607,-99.160835,197915.9411764706
110.0,19.336994,-99.162355,71764.70588235294
65.0,19.346609,-99.072311,67647.05882352941
70.0,19.30086,-99.108382,53276.470588235294
52.0,19.469681,-99.086136,67647.05882352941
70.0,19.401819,-99.184615,87647.05882352941
107.0,19.3765891,-99.1531067,223470.58823529413
70.0,19.44365,-99.141269,35588.23529411765
50.0,19.365478,-99.19662,44405.882352941175
55.0,23.634501,-102.552788,206807.9411764706
58.0,19.394361,-99.082092,61176.470588235294
70.0,19.426948,-99.106956,49022.17647058824
60.0,19.447138,-99.172552,76470.58823529411
70.0,19.487729,-99.10539,32764.70588235294
80.0,19.383327,-99.152712,99611.64705882352
60.0,19.3605334,-99.2267067,38940.0
70.0,19.449392,-99.138544,47647.05882352941
89.0,19.443178,-99.20237,270588.23529411765
61.0,,,158823.5294117647
70.0,19.394358,-99.177444,177450.76470588235
61.0,19.4272709,-99.1727497,135294.11764705883
83.0,19.3650311,-99.1477363,155882.35294117648
75.0,19.39365,-99.14769,176017.64705882352
70.0,19.441816,-99.092908,35490.23529411765
85.0,19.40579,-99.198906,67670.58823529411
70.0,19.454582,-99.145651,46823.529411764706
127.0,19.391074,-99.165737,178235.29411764705
60.0,19.359666,-99.148122,143688.23529411765
80.0,19.383957,-99.092019,71960.76470588235
90.0,19.396705,-99.181902,86564.70588235294
114.0,19.39177,-99.159996,104180.35294117648
111.0,19.2742408542,-99.1496908665,164000.0
60.0,19.470215,-99.140075,52912.294117647056
59.0,19.4557379025,-99.204724431,35750.0
68.0,19.364891,-99.148384,129411.76470588235
80.0,19.380392,-99.14769,143419.88235294117
65.0,19.358005,-99.144064,155294.11764705883
60.0,19.428767,-99.1459,91235.29411764706
90.0,19.418578,-99.17134,111941.17647058824
63.0,19.47517,-99.152534,138894.0
72.0,19.366505,-99.222297,71768.82352941176
91.0,19.343664,-99.212308,182352.9411764706
66.0,19.395629,-99.192146,35882.35294117647
85.0,19.416291,-99.157479,72670.58823529411
59.0,,,156215.29411764705
114.0,19.391098,-99.167389,285294.1176470588
60.0,19.39912,-99.141464,122352.94117647059
80.0,19.409843,-99.125509,29693.117647058825
110.0,19.419962,-99.171955,211764.70588235295
81.0,19.368475,-99.17952,167058.82352941178
80.0,19.380648,-99.163811,92784.29411764706
85.0,19.395097,-99.150424,59352.94117647059
55.0,,,31801.0
122.0,,,358823.5294117647
80.0,19.414771,-99.065035,44544.117647058825
70.0,,,109137.29411764706
74.0,19.388044,-99.185753,205777.0588235294
91.0,19.333981,-99.233654,101294.11764705883
63.0,19.303736,-99.163605,118387.76470588235
88.0,19.438027,-99.188563,335294.1176470588
64.0,19.448187,-99.161176,43352.94117647059
100.0,19.340202,-99.257774,182352.9411764706
63.0,19.461416,-99.133163,99896.76470588235
67.0,19.396593,-99.133163,86470.58823529411
110.0,19.286619,-99.152534,157647.0588235294
68.0,19.394358,-99.177444,200000.0
88.0,19.3582744,-99.2723517,370117.64705882355
55.0,19.470991,-99.168165,49282.882352941175
88.0,19.342698,-99.147976,244117.64705882352
98.0,19.469769,-99.157379,144757.5294117647
60.0,19.446915,-99.128639,51678.117647058825
107.0,19.381729,-99.164986,268694.1176470588
125.0,19.42416,-99.160039,329411.76470588235
90.0,19.485643,-99.210749,72352.94117647059
78.0,19.417364,-99.159454,260456.58823529413
70.0,19.456145,-99.201167,61058.82352941176
70.0,19.326922,-99.121203,67235.29411764706
60.0,19.346281,-99.079687,44117.64705882353
75.0,19.328705,-99.164986,97647.05882352941
90.0,19.367931,-99.170262,134705.88235294117
50.0,19.424449,-99.139442,49705.882352941175
105.0,19.408904,-99.174556,119372.5294117647
60.0,19.325709,-99.130934,59352.94117647059
90.0,19.429339,-99.155169,161235.29411764705
66.0,19.305214,-99.046887,29411.764705882353
73.0,,,30176.470588235294
70.0,19.384808,-99.155339,99960.82352941176
60.0,19.392185,-99.135357,57647.05882352941
65.0,19.383948,-99.067884,28246.235294117647
58.0,19.282042,-99.195935,79411.76470588235
61.0,19.3843257,-99.2155215,42647.05882352941
70.0,19.44661,-99.160309,97058.82352941176
60.0,19.482603,-99.194748,88235.29411764706
69.0,19.472155,-99.161186,104117.64705882352
70.0,,,35185.35294117647
60.0,19.382649,-99.143384,49324.82352941176
75.0,19.452689,-99.117987,33056.294117647056
54.0,23.634501,-102.552788,323529.4117647059
70.0,,,152176.4705882353
65.0,19.470991,-99.168165,49282.882352941175
101.0,19.401565,-99.154067,300070.5882352941
65.0,19.381081,-99.148625,152352.9411764706
117.0,19.2990233,-99.0436467,96422.4705882353
90.0,19.343398,-99.122827,120549.0
56.0,19.444584,-99.174675,101529.41176470589
64.0,19.326553,-99.115202,58235.294117647056
80.0,19.3499358,-99.2906864,164705.88235294117
57.0,19.379571,-99.146668,41376.470588235294
50.0,19.410307,-99.065399,48235.294117647056
80.0,19.416881,-99.109781,87941.17647058824
120.0,19.335033,-99.200347,165933.64705882352
57.0,19.4413358,-99.1981526,214705.88235294117
50.0,19.452297,-99.138695,45882.35294117647
90.0,19.281423,-99.141801,54086.58823529412
80.0,19.363868,-99.168249,136172.5294117647
64.0,19.450028,-99.163061,44117.64705882353
75.0,19.474655,-99.189277,44705.882352941175
80.0,19.522966,-99.145785,66705.88235294117
53.0,19.443592,-99.121407,52941.17647058824
103.0,19.36269,-99.150565,74117.64705882352
88.0,,,232941.17647058822
125.0,19.3849579,-99.1598558,309882.35294117645
120.0,19.443178,-99.20237,116167.70588235294
60.0,19.456208,-99.126229,53214.117647058825
60.0,19.47107,-99.18727,65882.35294117648
70.0,19.402944,-99.199727,63594.117647058825
65.0,,,37647.05882352941
85.0,19.333901,-99.240356,200000.0
143.0,23.634501,-102.552788,371717.64705882355
60.0,19.365917,-99.196977,44690.58823529412
84.0,19.366541,-99.222329,94705.88235294117
60.0,19.381174,-99.17284,91764.70588235294
92.0,19.41629,-99.157483,73254.88235294117
95.0,19.384565,-99.18536,80694.29411764706
55.0,19.454332,-99.200287,60980.41176470588
70.0,19.368544,-99.163605,132941.17647058822
57.0,19.366738,-99.14554,71411.76470588235
80.0,19.382986,-99.241837,43588.23529411765
119.0,19.40498,-99.179287,261764.70588235295
88.0,19.406622,-99.124168,117058.82352941176
96.0,19.341894,-99.224525,175241.17647058822
102.0,19.502632,-99.20617,74117.64705882352
101.0,19.381729,-99.164986,168442.9411764706
64.0,19.381081,-99.148625,135294.11764705883
60.0,19.29292,-99.064874,31058.823529411766
86.0,19.427276,-99.171878,100000.0
51.0,19.449997,-99.18117,46536.05882352941
70.0,19.359645,-99.138745,24447.882352941175
65.0,19.365533,-99.1923,44690.58823529412
95.0,19.309208,-99.171906,86588.23529411765
54.0,19.418844,-99.132357,22980.41176470588
65.0,19.52589,-99.151703,30588.235294117647
80.0,19.371543,-99.141669,67058.82352941176
70.0,19.44168,-99.159496,31594.29411764706
50.0,19.454082,-99.125206,70588.23529411765
110.0,19.4032833,-99.1821858,395341.5294117647
65.0,,,39411.76470588235
80.0,19.387651,-99.142257,44117.64705882353
60.0,19.482603,-99.194748,88235.29411764706
75.0,19.482761,-99.151089,41176.470588235294
113.0,19.430132,-99.169144,110294.11764705883
65.0,19.465694,-99.168469,138235.29411764705
88.0,19.406622,-99.124168,117058.82352941176
58.0,19.2836156943,-99.0548452735,8735.29411764706
63.0,,,30088.235294117647
83.0,19.3794059,-99.1591446,198664.70588235295
70.0,19.452751,-99.056419,38470.58823529412
80.0,19.384117,-99.205132,55352.94117647059
90.0,19.396018,-99.147827,205421.0588235294
100.0,19.3934457,-99.1796926,312039.8823529412
85.0,19.368475,-99.17952,170588.23529411765
70.0,19.453691,-99.180039,58823.529411764706
84.0,19.357821,-99.123321,72529.41176470589
104.0,19.371132,-99.173156,108549.0
85.0,19.363073,-99.158843,214705.88235294117
95.0,19.367025,-99.170349,185294.11764705883
65.0,19.383446,-99.137643,73700.82352941176
60.0,19.398671,-99.134129,64470.58823529412
65.0,19.441695,-99.142965,39037.82352941176
70.0,19.486395,-99.113973,48176.470588235294
63.0,19.394358,-99.177444,187705.88235294117
80.0,19.3499358,-99.2906864,164705.88235294117
70.0,19.307621,-99.230559,109705.88235294117
70.0,19.438292,-99.166694,158823.5294117647
60.0,23.634501,-102.552788,98823.5294117647
70.0,19.466822,-99.157379,94117.64705882352
61.0,19.3605334,-99.2267067,133410.88235294117
70.0,19.465349,-99.150474,27647.058823529413
75.0,19.449216,-99.175596,46705.882352941175
65.0,,,51882.35294117647
85.0,19.386601,-99.144088,88235.29411764706
99.0,19.405298,-99.164986,223529.41176470587
70.0,19.444905,-99.139951,53568.64705882353
56.0,19.39365,-99.14769,215984.9411764706
59.0,19.456567,-99.204623,44176.470588235294
70.0,19.364613,-99.161892,104117.64705882352
85.0,19.38642,-99.222521,37647.05882352941
60.0,19.446,-99.136478,52072.117647058825
78.0,19.333901,-99.240356,211764.70588235295
70.0,19.427754,-99.171109,88823.5294117647
100.0,19.316775,-99.138809,226588.23529411765
70.0,19.441382,-99.131028,50784.35294117647
65.0,19.386852,-99.194748,116470.58823529411
57.0,23.634501,-102.552788,104974.64705882352
113.0,19.419274,-99.162434,320588.23529411765
65.0,19.448187,-99.161176,43341.17647058824
116.0,19.343979,-99.124863,205882.35294117648
78.0,19.3499358,-99.2906864,170588.23529411765
74.0,19.394628,-99.143842,82352.94117647059
60.0,19.410966,-99.147629,41113.76470588235
60.0,19.441258,-99.142677,50895.705882352944
65.0,19.383446,-99.137643,50000.0
98.0,19.337112,-99.144234,233331.35294117648
62.0,19.387764,-99.205826,47058.82352941176
55.0,19.458118,-99.125557,70588.23529411765
80.0,19.355751,-99.299347,112647.05882352941
70.0,19.460012,-99.153755,49905.882352941175
50.0,19.302588,-99.048903,39588.23529411765
90.0,19.456439,-99.144414,52262.76470588235
56.0,,,29411.764705882353
62.0,19.39912,-99.141464,143475.0588235294
91.0,19.381729,-99.164986,170588.23529411765
67.0,19.3653,-99.148217,71176.4705882353
70.0,19.365917,-99.196977,44690.58823529412
70.0,19.401496,-99.173452,77254.88235294117
80.0,,,17745.117647058825
90.0,19.376456,-99.145563,64458.82352941176
56.0,19.444584,-99.174675,101529.41176470589
61.0,19.37497,-99.142617,129823.5294117647
84.0,19.442152,-99.18603,59241.58823529412
123.0,19.388925,-99.164395,258823.5294117647
52.0,19.444688,-99.16605,59235.294117647056
95.0,,,248235.29411764705
65.0,,,37449.41176470588
90.0,19.354219,-99.126244,81764.70588235294
115.0,19.39365,-99.14769,194117.64705882352
57.0,23.634501,-102.552788,104974.64705882352
80.0,19.394073,-99.153915,150000.0
101.0,19.341894,-99.224525,264705.8823529412
70.0,19.448187,-99.161176,37941.17647058824
70.0,19.378801,-99.14825,51764.705882352944
60.0,19.432399,-99.119672,51470.58823529412
50.0,19.44087,-99.102652,28823.529411764706
88.0,,,370117.64705882355
58.0,19.342083,-99.0532159,29155.529411764706
60.0,19.401083,-99.145033,62352.94117647059
55.0,19.365533,-99.1923,44690.58823529412
108.0,23.634501,-102.552788,220588.23529411765
60.0,19.380392,-99.14769,61803.882352941175
62.0,19.490054,-99.093551,55123.529411764706
110.0,19.388726,-99.174723,345523.5294117647
60.0,19.373658845,-99.1932790791,129747.64705882352
80.0,19.393568,-99.186143,97411.76470588235
150.0,19.383564,-99.177057,184537.23529411765
120.0,19.375626,-99.15461,288235.29411764705
70.0,19.486395,-99.113973,48176.470588235294
55.0,19.372684,-99.183678,158823.5294117647
80.0,19.41275,-99.126007,40070.76470588235
63.0,19.39365,-99.14769,188517.64705882352
70.0,19.363073,-99.158843,103176.4705882353
90.0,19.462355,-99.193313,60588.23529411765
70.0,19.443903,-99.171681,58549.05882352941
64.0,19.3638234,-99.1444714,129117.64705882352
125.0,19.379739,-99.17181,241176.4705882353
80.0,19.441809,-99.156423,72705.88235294117
96.0,19.3916678446,-99.1682066582,134117.64705882352
117.0,19.441809,-99.156423,67895.23529411765
55.0,,,73529.41176470589
50.0,19.39527,-99.068478,26235.29411764706
60.0,19.384258,-99.147671,150705.88235294117
120.0,19.356924,-99.195719,153468.88235294117
135.0,23.634501,-102.552788,377058.82352941175
79.0,19.473001,-99.087491,40058.23529411765
80.0,19.433617,-99.190976,347058.82352941175
93.0,19.38758,-99.170351,122941.17647058824
99.0,19.417364,-99.159454,182352.9411764706
56.0,19.3742208,-99.0090872,27150.58823529412
95.0,19.336195,-99.23692,101294.11764705883
61.0,19.364891,-99.148384,156894.11764705883
75.0,19.496491,-99.149702,68324.64705882352
72.0,19.36783,-99.21839,69670.58823529411
90.0,19.441809,-99.156423,70588.23529411765
60.0,19.323772,-99.116562,52529.41176470588
129.0,19.390748,-99.158695,147058.82352941178
65.0,19.440749,-99.141649,88823.5294117647
73.0,19.383118,-99.198758,141176.4705882353
107.0,19.378533,-99.187561,88676.4705882353
96.0,19.41498,-99.177444,319117.64705882355
65.0,19.375088,-99.141849,75294.11764705883
74.0,19.3437444,-99.1561883,86185.0
68.0,19.428152,-99.106194,75000.0
50.0,,,129411.76470588235
85.0,19.30241,-99.109299,117647.05882352941
60.0,19.363524,-99.247303,43529.41176470588
65.0,19.302412,-99.167398,85882.35294117648
100.0,19.394358,-99.177444,182352.9411764706
123.0,,,41897.05882352941
80.0,19.394073,-99.153915,145294.11764705883
55.0,19.439253,-99.163605,98823.5294117647
65.0,19.386852,-99.194748,116470.58823529411
100.0,19.384371,-99.135965,100588.23529411765
100.0,,,129411.76470588235
54.0,19.3400187,-99.2319845,129411.76470588235
96.0,19.3723335,-99.1905974,192795.0588235294
70.0,19.33795,-99.123458,51176.470588235294
78.0,19.3733676,-99.1337252,154396.17647058822
112.0,19.386852,-99.194748,179356.70588235295
75.0,19.504985,-99.208557,32941.17647058824
129.0,19.390748,-99.158695,147058.82352941178
133.0,,,345823.5294117647
88.0,19.406622,-99.124168,117058.82352941176
135.0,23.634501,-102.552788,377058.82352941175
85.0,19.44661,-99.160309,116470.58823529411
94.0,19.405526,-99.165735,49623.529411764706
56.0,,,34882.35294117647
60.0,19.336455,-99.149511,67058.82352941176
80.0,23.634501,-102.552788,147058.82352941178
80.0,19.371543,-99.141669,52941.17647058824
60.0,19.443031,-99.162435,37941.17647058824
150.0,19.382986,-99.241837,201176.4705882353
80.0,19.341894,-99.224525,45705.882352941175
103.0,19.394358,-99.177444,302441.17647058825
87.0,19.432657,-99.177444,259764.70588235295
50.0,19.440749,-99.141649,56098.05882352941
114.0,19.376822,-99.174675,260941.17647058822
60.0,19.493973,-99.130394,118058.82352941176
55.0,19.453996,-99.195188,32211.764705882353
110.0,19.2572314,-99.1029664,52941.17647058824
70.0,19.371635,-99.290484,70588.23529411765
107.0,19.3822935,-99.1654723,268694.1176470588
100.0,19.284672,-99.220367,110294.11764705883
107.0,23.634501,-102.552788,268694.1176470588
76.0,19.365843,-99.149901,85882.35294117648
60.0,19.435124,-99.191042,285294.1176470588
126.0,19.39177,-99.159996,178235.29411764705
75.0,19.467363,-99.127026,68823.5294117647
100.0,19.339161,-99.205826,69070.58823529411
60.0,19.490054,-99.093551,55122.294117647056
76.0,19.4556947061,-99.1635761259,135458.82352941178
84.0,19.385989,-99.186285,88676.4705882353
95.0,19.452051,-99.144248,60705.882352941175
68.0,19.452665,-99.121497,40058.82352941176
110.0,19.286619,-99.152534,157647.0588235294
78.0,19.452365,-99.124572,61176.470588235294
80.0,19.378533,-99.187561,52411.76470588235
90.0,19.351369,-99.248993,96352.94117647059
54.0,19.361103,-99.073199,39764.705882352944
70.0,19.463891,-99.155763,35185.294117647056
65.0,19.446053,-99.120285,32470.58823529412
83.0,19.33923,-99.218987,223529.41176470587
65.0,,,64705.882352941175
65.0,19.472155,-99.161186,104411.76470588235
67.0,19.467929,-99.159986,114705.88235294117
69.0,19.342316,-99.226668,42352.94117647059
80.0,19.392172,-99.154625,144705.88235294117
50.0,19.270885,-99.1138,81300.05882352941
69.0,19.506042,-99.153915,40588.23529411765
88.0,19.364891,-99.148384,194117.64705882352
60.0,19.445954,-99.176116,67058.82352941176
70.0,19.487517,-99.181718,50235.294117647056
53.0,19.333901,-99.240356,135294.11764705883
89.0,19.414261,-99.104118,164705.88235294117
75.0,19.474885,-99.188231,79411.76470588235
60.0,23.634501,-102.552788,94305.88235294117
85.0,19.387245,-99.147388,138235.29411764705
102.0,19.427607,-99.160835,197915.9411764706
75.0,19.433542,-99.170948,181000.0
85.0,,,214705.88235294117
90.0,19.457058,-99.190308,58509.76470588235
70.0,19.48888,-99.179278,57380.05882352941
58.0,19.4556013336,-99.1630777717,102847.05882352941
60.0,19.312223,-99.105454,22941.176470588234
75.0,19.409979,-99.118822,43435.294117647056
65.0,19.39365,-99.14769,152988.23529411765
60.0,23.634501,-102.552788,104117.64705882352
75.0,19.407816,-99.129707,62352.94117647059
70.0,19.447127,-99.133204,23470.58823529412
90.0,19.307951,-99.134178,129882.35294117648
95.0,19.388044,-99.185753,77058.82352941176
50.0,19.410307,-99.065399,48235.294117647056
58.0,19.374413,-99.105499,38111.76470588235
82.0,19.381729,-99.164986,155882.35294117648
100.0,19.441534,-99.201558,367647.0588235294
75.0,19.324612,-99.143684,94117.64705882352
75.0,19.452419,-99.175058,57647.05882352941
60.0,19.460087,-99.173988,35529.41176470588
66.0,19.2464696,-99.1013498,66097.05882352941
80.0,19.422716,-99.162285,103823.5294117647
95.0,19.403309,-99.145494,157000.0
100.0,19.436516,-99.173988,235294.11764705883
90.0,19.400165,-99.135621,60552.58823529412
61.0,19.2990233,-99.0436467,60461.58823529412
65.0,19.413992,-99.138695,94488.0
64.0,19.33773,-99.099021,55176.470588235294
64.0,19.372334,-99.190598,129411.76470588235
80.0,19.382944,-99.180028,93686.29411764706
65.0,19.448311,-99.157021,30000.0
100.0,19.380644,-99.179176,276470.5882352941
140.0,19.323593,-99.216426,288823.5294117647
76.0,19.440147,-99.172286,64705.882352941175
60.0,19.351371,-99.161529,39647.05882352941
96.0,19.341894,-99.224525,175241.17647058822
80.0,19.484532,-99.207027,86127.41176470589
88.0,19.516777,-99.160149,70588.23529411765
126.0,19.33228,-99.243934,268191.82352941175
100.0,19.39365,-99.14769,101764.70588235294
136.0,19.420166,-99.220367,25294.117647058825
90.0,19.383327,-99.152712,99647.05882352941
60.0,19.38828,-99.195529,44533.705882352944
80.0,19.454582,-99.145651,47411.76470588235
55.0,,,120588.23529411765
64.0,19.43072,-99.169627,182352.9411764706
70.0,19.307417,-99.125191,41178.294117647056
117.0,19.299774,-99.112124,247058.82352941178
75.0,19.377169,-99.187643,63098.0
90.0,19.365766,-99.263112,201176.4705882353
72.0,19.427443,-99.096555,102941.17647058824
107.0,19.391074,-99.165737,73529.41176470589
69.0,19.402197,-99.101441,44882.35294117647
121.0,19.394358,-99.177444,371545.1176470588
83.0,19.305561,-99.171219,187529.41176470587
60.0,19.408758,-99.129474,35992.94117647059
84.0,19.391819,-99.188639,80000.0
120.0,19.356062,-99.191978,273058.82352941175
75.0,19.284672,-99.220367,110294.11764705883
121.0,19.411146,-99.182943,382352.9411764706
60.0,19.48888,-99.179278,57380.05882352941
131.0,,,78781.76470588235
52.0,,,23176.470588235294
72.0,,,213235.29411764705
120.0,19.301865,-99.108429,70588.23529411765
100.0,19.397686,-99.161395,135490.17647058822
108.0,19.369492,-99.161653,204058.82352941178
92.0,19.3721819,-99.1717578,216764.70588235295
83.0,19.3794059,-99.1591446,179547.0588235294
88.0,19.406622,-99.124168,117058.82352941176
90.0,19.474706,-99.18843,37058.82352941176
103.0,,,164000.0
60.0,19.44212,-99.155273,56894.117647058825
96.0,19.395097,-99.150424,59352.94117647059
80.0,19.395097,-99.150424,59350.117647058825
90.0,19.386821,-99.164805,185882.35294117648
100.0,19.428324,-99.176337,195642.88235294117
90.0,19.391819,-99.188639,130000.0
72.0,19.366505,-99.222297,71768.82352941176
69.0,19.356537,-99.018073,40000.0
110.0,19.391074,-99.165737,122941.17647058824
65.0,19.445816,-99.170462,80738.23529411765
50.0,19.281164,-99.20237,25647.058823529413
50.0,19.411434,-99.152197,27265.882352941175
65.0,19.291001,-99.123926,81176.4705882353
68.0,19.428152,-99.106194,75000.0
146.0,19.369579,-99.174471,395954.1176470588
58.0,19.313806,-99.106842,64705.882352941175
50.0,19.410307,-99.065399,48235.294117647056
65.0,23.634501,-102.552788,71176.4705882353
73.0,19.394628,-99.143842,82352.94117647059
105.0,19.404442,-99.162688,84352.94117647059
90.0,19.359901,-99.189606,52411.76470588235
60.0,19.496491,-99.149702,68324.58823529411
75.0,19.474885,-99.188231,79411.76470588235
133.0,19.445032,-99.140207,66348.23529411765
60.0,19.36269,-99.150565,74117.64705882352
87.0,19.365745,-99.159747,158823.5294117647
80.0,19.377171,-99.188503,119294.11764705883
69.0,19.356318,-99.288261,141176.4705882353
50.0,,,102941.17647058824
105.0,19.408904,-99.174556,119372.5294117647
100.0,19.305704,-99.182983,196392.17647058822
65.0,19.359901,-99.189606,52411.76470588235
93.0,,,251711.76470588235
82.0,,,145411.76470588235
60.0,23.634501,-102.552788,139435.0
50.0,19.410307,-99.065399,49352.94117647059
65.0,19.402799,-99.151853,95882.35294117648
123.0,23.634501,-102.552788,229411.76470588235
90.0,19.39365,-99.14769,101764.70588235294
50.0,,,13522.941176470587
53.0,19.410553,-99.133858,87555.29411764706
50.0,19.285943,-99.044333,39529.41176470588
51.0,19.392349,-99.07093,58931.529411764706
115.0,19.394073,-99.153915,247058.82352941178
98.0,19.380937,-99.179545,220058.82352941178
140.0,19.39252,-99.127991,395968.0588235294
64.0,19.363542,-99.224084,51882.35294117647
63.0,19.439636,-99.166401,79411.76470588235
90.0,19.382768,-99.165454,86470.58823529411
60.0,19.402799,-99.151853,95882.35294117648
67.0,19.454332,-99.200287,65294.117647058825
55.0,19.439253,-99.163605,98823.5294117647
70.0,19.414009,-99.142481,40000.0
91.0,19.462905,-99.1447579,44117.64705882353
72.0,19.374976,-99.160186,129411.76470588235
100.0,23.634501,-102.552788,235294.11764705883
58.0,19.444337,-99.116965,43823.529411764706
75.0,19.313878,-99.094271,82529.41176470589
77.0,,,235294.11764705883
52.0,,,25882.352941176472
129.0,19.391074,-99.165737,125764.70588235294
80.0,19.359897,-99.18956,52411.76470588235
80.0,19.426458,-99.224007,347254.8823529412
60.0,,,37647.05882352941
70.0,19.377625,-99.187557,63686.294117647056
70.0,19.455566,-99.126341,53214.117647058825
75.0,19.418198,-99.144746,38431.35294117647
85.0,19.37161,-99.189175,177058.82352941178
58.0,19.460316,-99.142717,52941.17647058824
90.0,19.399867,-99.146376,71019.58823529411
79.0,19.3039568,-99.1748582,126470.58823529411
75.0,19.502823,-99.154783,65364.705882352944
104.0,,,239647.0588235294
50.0,19.4920787,-99.1750238,64705.882352941175
69.0,19.382649,-99.143384,49352.94117647059
60.0,19.511198,-99.200576,30000.0
50.0,19.310879,-99.138695,35079.529411764706
108.0,19.390021,-99.174213,234117.64705882352
85.0,19.384371,-99.135965,100588.23529411765
60.0,19.401934,-99.172434,76666.64705882352
62.0,19.449556,-99.120018,28235.29411764706
90.0,19.380314,-99.149431,111764.70588235294
60.0,19.377724,-99.176934,73529.41176470589
51.0,,,49305.470588235294
70.0,19.463891,-99.155763,38745.76470588235
110.0,19.436516,-99.173988,100663.70588235294
70.0,19.476817,-99.188708,27223.0
120.0,19.420166,-99.220367,176470.58823529413
75.0,19.487416,-99.118006,38235.294117647056
70.0,19.4110686915,-99.1931051016,61845.882352941175
113.0,19.421006,-99.168362,101568.58823529411
107.0,19.39868,-99.132459,131823.5294117647
59.0,19.329995,-99.115928,45882.35294117647
60.0,19.379082,-99.142673,95000.0
90.0,19.398983,-99.154034,66058.82352941176
85.0,19.475745,-99.095737,65223.05882352941
54.0,19.462355,-99.193313,60588.23529411765
120.0,19.335033,-99.200347,165933.64705882352
89.0,19.39912,-99.141464,205882.35294117648
67.0,19.372724,-99.137094,44529.41176470588
97.0,19.271467,-99.146309,140941.17647058822
74.0,19.364589,-99.155212,141220.58823529413
61.0,19.364891,-99.148384,156894.11764705883
60.0,19.396018,-99.147827,205421.0588235294
95.0,19.384478,-99.185339,80106.11764705883
60.0,19.31755,-99.325383,147058.82352941178
117.0,19.33432,-99.214134,269411.76470588235
97.0,19.271467,-99.146309,140941.17647058822
77.0,19.404442,-99.162688,84941.17647058824
65.0,19.510954,-99.144234,147058.82352941178
65.0,19.454332,-99.200287,53705.882352941175
69.0,19.472155,-99.161186,104117.64705882352
58.0,19.386852,-99.194748,114705.88235294117
70.0,19.484504,-99.180683,53504.23529411765
64.0,19.461256,-99.133059,47352.94117647059
129.0,19.390748,-99.158695,147058.82352941178
121.0,19.3757,-99.196831,229411.76470588235
70.0,19.381691,-99.158135,53941.17647058824
64.0,19.450551,-99.156352,65529.41176470588
66.0,19.367943,-99.218478,94705.88235294117
70.0,,,209411.76470588235
65.0,19.317337,-99.072241,41117.64705882353
60.0,19.2802991012,-99.1848063469,40711.0
86.0,19.403707,-99.151813,87647.05882352941
58.0,19.3865508,-99.1937082,129411.76470588235
65.0,,,43705.882352941175
60.0,19.375412,-99.144234,117647.05882352941
100.0,19.370133,-99.187262,176470.58823529413
65.0,19.348586,-99.115129,45515.294117647056
114.0,,,333380.70588235295
75.0,19.381174,-99.17284,108823.5294117647
65.0,19.482659,-99.106549,39787.05882352941
70.0,19.374721,-99.140098,38047.05882352941
70.0,19.282552,-99.14574,61764.705882352944
84.0,19.4157753,-99.165401,294117.64705882355
64.0,19.449392,-99.138544,47647.05882352941
67.0,19.3653,-99.148217,71176.4705882353
75.0,19.442774,-99.154919,36588.23529411765
71.0,19.41498,-99.177444,264705.8823529412
67.0,19.35944,-99.217652,39782.35294117647
106.0,19.3851203,-99.14982,235788.23529411765
60.0,19.446829,-99.159454,21764.70588235294
75.0,19.52686,-99.147293,64823.529411764706
120.0,19.369615,-99.168285,146529.41176470587
85.0,19.458383,-99.185711,50000.0
60.0,19.404604,-99.175377,78019.58823529411
50.0,19.410307,-99.065399,49352.94117647059
85.0,19.296529,-99.118675,75294.11764705883
55.0,19.861804,-90.488467,44196.05882352941
69.0,19.397983,-99.146696,96176.4705882353
84.0,19.371321,-99.140985,104352.94117647059
75.0,19.4426,-99.097198,30823.529411764706
64.0,19.382649,-99.143384,49324.82352941176
92.0,19.381729,-99.164986,253258.82352941178
68.0,,,189427.82352941178
68.0,19.446253,-99.157519,35882.35294117647
108.0,19.306452,-99.124168,119823.5294117647
141.0,,,382352.9411764706
51.0,,,16176.470588235294
84.0,19.367424,-99.185753,197647.0588235294
92.0,19.416291,-99.157479,73254.88235294117
72.0,19.2790911,-99.2114234,45369.529411764706
65.0,19.413992,-99.138695,94488.0
110.0,19.472481,-99.182374,90028.5294117647
105.0,,,235294.11764705883
107.0,19.39868,-99.132459,131823.5294117647
155.0,,,45588.23529411765
97.0,19.3668017,-99.1724994,164705.88235294117
80.0,19.399649,-99.165891,192072.88235294117
51.0,19.38529,-99.189065,144117.64705882352
70.0,19.48888,-99.179278,57380.0
80.0,19.366408,-99.204292,67058.82352941176
79.0,19.4753714,-99.1048072,34705.882352941175
113.0,19.394073,-99.153915,285294.1176470588
80.0,19.360846,-99.163444,105882.35294117648
100.0,19.350054,-99.123847,169411.76470588235
104.0,19.417364,-99.159454,288235.29411764705
60.0,19.430766,-99.191251,252941.17647058822
100.0,19.510954,-99.144234,158823.5294117647
60.0,19.39527,-99.068478,26228.823529411766
69.0,19.374009,-99.020302,38764.705882352944
76.0,,,170588.23529411765
60.0,19.405526,-99.165735,49623.529411764706
73.0,19.298083,-99.05033,45882.35294117647
70.0,19.420907,-99.132313,53998.117647058825
70.0,19.396893,-99.152302,95882.35294117648
150.0,,,39705.882352941175
62.0,19.4258822217,-99.0609097481,28529.41176470588
70.0,19.451872,-99.173522,74705.88235294117
70.0,19.365865,-99.148341,107404.23529411765
50.0,19.404661,-99.133858,88235.29411764706
65.0,19.391819,-99.188639,80000.0
94.0,19.299511,-99.150433,214705.88235294117
120.0,19.400959,-99.162199,311764.70588235295
90.0,19.290953,-99.124863,61705.882352941175
85.0,19.348122,-99.125716,96980.0
65.0,19.296478,-99.220693,73529.41176470589
92.0,19.367239,-99.186126,205882.35294117648
58.0,19.317345,-99.079012,52941.17647058824
70.0,19.402339,-99.18437,44804.05882352941
60.0,19.470215,-99.140075,52912.117647058825
145.0,19.36399,-99.172172,332941.17647058825
105.0,19.455666,-99.188522,69411.76470588235
55.0,,,63490.35294117647
75.0,19.336195,-99.23692,84352.94117647059
62.0,19.474655,-99.189277,35941.17647058824
117.0,19.441814,-99.156422,70588.23529411765
70.0,19.414261,-99.104118,64705.882352941175
90.0,19.392172,-99.154625,135882.35294117648
75.0,19.40176,-99.154049,67254.88235294117
75.0,19.367424,-99.185753,174705.88235294117
120.0,19.380659,-99.189305,237039.41176470587
66.0,19.49041,-99.207561,34470.17647058824
143.0,19.368475,-99.17952,188235.29411764705
50.0,19.44168,-99.159496,31594.352941176472
69.0,19.369509,-99.172532,100588.23529411765
150.0,19.387683,-99.174712,117058.82352941176
80.0,19.441809,-99.156423,70588.23529411765
85.0,19.365843,-99.149901,65470.705882352944
50.0,19.399461,-99.175182,67058.82352941176
85.0,19.428622,-99.14602,38235.294117647056
60.0,19.443357,-99.207884,110588.23529411765
122.0,19.2990233,-99.0436467,88813.64705882352
65.0,19.454231,-99.145452,34557.76470588235
75.0,19.412913,-99.181919,78292.94117647059
70.0,19.3850289,-99.1944048,79411.76470588235
100.0,,,158235.29411764705
60.0,19.524143,-99.160149,38235.294117647056
87.0,19.523000777,-99.1457437277,48823.529411764706
85.0,19.392185,-99.135357,61315.58823529412
103.0,19.387613,-99.202726,55686.23529411765
53.0,19.484503,-99.211634,73588.23529411765
85.0,,,214705.88235294117
50.0,19.410307,-99.065399,48235.294117647056
51.0,19.400097,-99.122093,99941.17647058824
78.0,19.333635,-99.238933,210621.0
60.0,19.465166,-99.156325,28415.70588235294
115.0,19.394358,-99.177444,323529.4117647059
50.0,19.396705,-99.181902,86564.70588235294
98.0,,,188235.29411764705
64.0,19.39912,-99.141464,100000.0
70.0,19.413758,-99.125533,64352.94117647059
55.0,19.372684,-99.183678,158823.5294117647
110.0,19.444584,-99.174675,67037.35294117648
80.0,19.522966,-99.145785,66705.88235294117
70.0,19.378643,-99.148281,148235.29411764705
70.0,19.296354,-99.138952,41764.705882352944
71.0,19.482325,-99.185753,47352.94117647059
82.0,,,41176.470588235294
96.0,19.41498,-99.177444,319117.64705882355
90.0,19.440749,-99.141649,88823.5294117647
81.0,,,47058.82352941176
120.0,19.335033,-99.200347,165345.41176470587
60.0,23.634501,-102.552788,98823.5294117647
60.0,19.457911,-99.144234,87647.05882352941
50.0,19.4306069,-99.0949899,97046.88235294117
52.0,19.404061,-99.124172,99941.17647058824
59.0,19.3249413,-99.223798,139705.88235294117
90.0,23.634501,-102.552788,91182.05882352941
107.0,19.3928136,-99.1738213,339411.76470588235
102.0,19.427607,-99.160835,197915.9411764706
122.0,19.368544,-99.163605,235294.11764705883
129.0,19.390748,-99.158695,147058.82352941178
51.0,19.444449,-99.18071,105973.5294117647
55.0,19.398514,-99.130366,50720.705882352944
58.0,19.463891,-99.155763,122817.64705882352
112.0,19.265137,-99.208259,111764.70588235294
121.0,19.2990233,-99.0436467,89625.41176470589
68.0,19.479793,-99.186945,71517.64705882352
135.0,19.366306,-99.269288,170588.23529411765
66.0,19.478625,-99.154723,39764.705882352944
60.0,19.355093,-99.292638,111764.70588235294
65.0,19.472155,-99.161186,105000.0
59.0,19.455859297,-99.2047137022,47058.82352941176
80.0,19.346767,-99.123658,69705.88235294117
77.0,19.458765,-99.178604,39470.58823529412
100.0,19.271549,-99.231438,88235.29411764706
72.0,19.2790911,-99.2114234,45369.529411764706
58.0,19.506042,-99.153915,117647.05882352941
97.0,19.432657,-99.177444,226470.58823529413
63.0,19.4306069,-99.0949899,168630.4705882353
68.0,,,67647.05882352941
75.0,19.452689,-99.117987,40494.0
62.0,19.475639,-99.063207,37861.76470588235
65.0,19.441816,-99.092908,35470.58823529412
65.0,19.39365,-99.14769,153664.70588235295
86.0,19.264168,-99.119228,54705.882352941175
50.0,19.399978,-99.177076,76470.58823529411
64.0,19.415035,-99.141559,70588.23529411765
90.0,19.301865,-99.108429,70588.23529411765
74.0,19.313878,-99.094271,55882.35294117647
57.0,19.3230172472,-99.0465371311,22647.058823529413
102.0,19.403561,-99.156308,205882.35294117648
63.0,19.302512,-99.142927,35079.470588235294
75.0,19.377169,-99.187643,71411.76470588235
53.0,19.481949,-99.209764,73529.41176470589
80.0,19.395097,-99.150424,59350.117647058825
61.0,19.364891,-99.148384,152435.29411764705
57.0,19.3275633,-99.1217504,41764.705882352944
89.0,19.366505,-99.222297,74705.88235294117
107.0,,,268694.1176470588
60.0,19.36461,-99.14455,107647.05882352941
160.0,19.275206,-99.218292,387058.82352941175
56.0,19.375983,-99.017354,48277.64705882353
70.0,19.302512,-99.142927,50000.0
80.0,19.384262,-99.08305,85452.94117647059
137.0,19.275206,-99.218292,364705.8823529412
60.0,19.366632,-99.1979,44823.529411764706
65.0,19.453201,-99.132967,34529.41176470588
65.0,19.386852,-99.194748,116470.58823529411
57.0,19.29292,-99.064874,34117.64705882353
100.0,19.396247,-99.190282,106352.94117647059
56.0,19.452301,-99.207422,44117.64705882353
92.0,19.396893,-99.152302,95882.35294117648
61.0,,,50882.35294117647
120.0,19.381729,-99.164986,247058.82352941178
80.0,19.395097,-99.150424,59350.17647058824
50.0,19.400687,-99.09121,35098.05882352941
120.0,19.302422,-99.230829,116000.0
69.0,19.472481,-99.182374,35881.76470588235
70.0,19.322108,-99.141935,36705.882352941175
75.0,19.284672,-99.220367,110294.11764705883
120.0,19.3941609998,-99.1636083127,135294.11764705883
133.0,19.275206,-99.218292,382352.9411764706
87.0,19.3728751311,-99.1573405266,290688.23529411765
65.0,,,65882.35294117648
60.0,23.634501,-102.552788,98823.5294117647
95.0,19.3799182,-99.1837918,255882.35294117648
60.0,19.375412,-99.144234,120882.35294117648
90.0,19.367424,-99.185753,170588.23529411765
64.0,19.478815,-99.196831,85294.11764705883
85.0,19.368544,-99.163605,214705.88235294117
87.0,,,347058.82352941175
61.0,19.4306069,-99.0949899,130697.5294117647
119.0,19.302678,-99.170213,277823.5294117647
90.0,19.477827,-99.216217,86127.4705882353
70.0,19.343979,-99.124863,111764.70588235294
58.0,19.39556,-99.07988,61176.470588235294
50.0,19.418058,-99.131088,77941.17647058824
67.0,19.428152,-99.106194,88235.29411764706
92.0,19.423112,-99.151665,26470.58823529412
85.0,19.348122,-99.125716,96976.4705882353
98.0,19.394358,-99.177444,298547.0588235294
95.0,19.386808,-99.1938216,167647.0588235294
64.0,19.478815,-99.196831,85294.11764705883
57.0,23.634501,-102.552788,104974.64705882352
52.0,19.405298,-99.164986,174667.64705882352
85.0,,,199529.41176470587
64.0,19.410307,-99.065399,100000.0
90.0,19.381729,-99.164986,188235.29411764705
77.0,19.394073,-99.153915,153817.64705882352
97.0,19.271467,-99.146309,140941.17647058822
150.0,19.457458,-99.065399,149647.0588235294
85.0,19.411112,-99.193066,69411.76470588235
100.0,19.341894,-99.224525,203188.23529411765
92.0,19.425778,-99.175754,235294.11764705883
80.0,19.44673,-99.161695,61333.35294117647
50.0,,,79411.76470588235
104.0,19.493973,-99.130394,141176.4705882353
90.0,19.434639,-99.150056,198627.4705882353
140.0,19.296374,-99.118628,70588.23529411765
100.0,19.383952,-99.160229,194424.70588235295
90.0,19.474885,-99.188231,79411.76470588235
75.0,19.454332,-99.200287,60102.94117647059
104.0,19.371172,-99.167321,108549.0
98.0,19.432657,-99.177444,235294.11764705883
60.0,19.438604,-99.103424,56471.17647058824
66.0,19.356318,-99.062294,49470.58823529412
89.0,19.272016,-99.208006,111176.4705882353
53.0,19.443592,-99.121407,52941.17647058824
65.0,19.346609,-99.072311,67647.05882352941
85.0,19.392172,-99.154625,144705.88235294117
54.0,23.634501,-102.552788,323529.4117647059
92.0,19.401507,-99.14682,75294.11764705883
75.0,19.418578,-99.17134,111941.17647058824
75.0,19.387245,-99.147388,138235.29411764705
115.0,19.428324,-99.176337,195642.88235294117
63.0,19.3865081,-99.1809914,187705.88235294117
70.0,19.430547,-99.172743,244411.76470588235
75.0,19.2814228,-99.1418011,67647.05882352941
80.0,,,211764.70588235295
55.0,19.327745,-99.073007,14892.35294117647
50.0,19.454082,-99.125206,70588.23529411765
108.0,19.360537,-99.132469,58823.529411764706
60.0,19.493973,-99.130394,118058.82352941176
138.0,,,335882.35294117645
60.0,19.369509,-99.172532,100588.23529411765
64.0,,,183270.58823529413
60.0,19.385027,-99.223488,37647.05882352941
101.0,19.39365,-99.14769,300070.5882352941
107.0,19.392814,-99.173821,330000.0
70.0,19.387651,-99.142257,44117.64705882353
65.0,19.39942,-99.141673,68805.35294117648
83.0,19.3794059,-99.1591446,261382.35294117648
121.0,19.394358,-99.177444,384549.23529411765
60.0,19.474655,-99.189277,39602.64705882353
65.0,19.457352,-99.155304,32784.294117647056
65.0,19.369777,-99.137803,111882.35294117648
63.0,,,45294.117647058825
147.0,19.433469,-99.177344,373529.4117647059
100.0,19.402695,-99.172013,226470.58823529413
75.0,19.439759,-99.1047,57058.82352941176
101.0,19.381729,-99.164986,227266.4705882353
60.0,19.31691,-99.135933,96174.58823529411
98.0,19.401496,-99.173452,77254.88235294117
90.0,19.306452,-99.124168,119823.5294117647
129.0,19.390748,-99.158695,129411.76470588235
65.0,19.384399,-99.068451,36294.117647058825
80.0,19.400731,-99.125466,76000.0
90.0,19.443178,-99.20237,320588.23529411765
69.0,19.2990233,-99.0436467,64739.82352941176
63.0,19.38797,-99.067408,45294.117647058825
66.0,,,118784.35294117648
50.0,19.393568,-99.186143,97411.76470588235
57.0,19.306198,-99.235825,47058.82352941176
75.0,19.482761,-99.151089,45000.0
83.0,19.305561,-99.171219,187529.41176470587
50.0,19.305987,-99.051035,30117.647058823528
62.0,19.299518,-99.150439,22058.823529411766
70.0,19.466822,-99.157379,94117.64705882352
60.0,19.415783,-99.060391,34419.882352941175
69.0,19.525082,-99.144372,35470.58823529412
98.0,19.356955,-99.109557,80000.0
64.0,,,235294.11764705883
152.0,19.300642,-99.11401,197647.0588235294
80.0,19.304032,-99.112841,74274.4705882353
80.0,19.370046,-99.146155,88235.29411764706
56.0,19.456993,-99.118637,54764.705882352944
55.0,,,29411.764705882353
75.0,19.365843,-99.149901,85882.35294117648
89.0,19.400004,-99.16735,236305.88235294117
110.0,19.357464,-99.207909,205882.35294117648
65.0,19.48888,-99.179278,57380.05882352941
58.0,19.315626,-99.10273,42529.41176470588
100.0,19.335224,-99.121939,63411.76470588235
85.0,19.414261,-99.104118,152941.17647058822
57.0,,,71411.76470588235
50.0,19.291269,-99.055684,38529.41176470588
80.0,19.387245,-99.147388,138235.29411764705
68.0,19.43965,-99.179173,105882.35294117648
50.0,19.454082,-99.125206,70588.23529411765
64.0,19.437147,-99.167073,58823.529411764706
108.0,19.380715,-99.183428,202941.17647058822
142.0,,,342470.5882352941
58.0,,,45294.117647058825
75.0,19.444538,-99.162752,36588.23529411765
64.0,19.440749,-99.141649,50282.35294117647
79.0,19.293561,-99.117034,74117.64705882352
85.0,,,214705.88235294117
67.0,19.446829,-99.159454,135988.23529411765
87.0,19.39912,-99.141464,179588.23529411765
80.0,19.44661,-99.160309,79411.76470588235
117.0,19.416294,-99.16748,323470.5882352941
70.0,19.479793,-99.186945,73635.29411764706
50.0,,,48441.117647058825
67.0,19.4623699537,-99.1446418778,144341.17647058822
88.0,19.318989,-99.094437,46588.23529411765
85.0,19.421296,-99.06582,30097.117647058825
70.0,19.449392,-99.138544,47647.05882352941
80.0,19.353592,-99.177275,257411.76470588235
80.0,19.355751,-99.299347,112647.05882352941
95.0,,,248235.29411764705
60.0,19.4279665308,-99.1459840536,47905.0
90.0,19.347437,-99.055725,138088.23529411765
60.0,19.335043,-99.235537,100705.88235294117
90.0,23.634501,-102.552788,192072.58823529413
74.0,19.443178,-99.20237,294117.64705882355
160.0,19.3339183962,-99.2400678992,287325.5882352941
50.0,19.308287,-99.146309,83470.58823529411
67.0,19.3653,-99.148217,71176.4705882353
80.0,19.324075,-99.117756,45098.05882352941
63.0,19.491447,-99.180214,52411.76470588235
55.0,19.449997,-99.18117,46536.05882352941
54.0,23.634501,-102.552788,323529.4117647059
129.0,19.390748,-99.158695,147058.82352941178
60.0,19.309208,-99.171906,58447.05882352941
70.0,19.451872,-99.173522,74705.88235294117
50.0,19.381978,-99.156831,109411.76470588235
75.0,19.328643,-99.124224,42176.470588235294
120.0,19.400877,-99.16222,205490.17647058822
90.0,19.454332,-99.200287,60102.94117647059
152.0,19.367609,-99.15581,220588.23529411765
64.0,19.383446,-99.137643,75882.35294117648
150.0,19.48527,-99.200287,123529.41176470589
80.0,19.370046,-99.146155,88235.29411764706
100.0,19.519303,-99.136218,93647.05882352941
74.0,19.39912,-99.141464,196000.0
66.0,19.371843,-99.200287,79411.76470588235
65.0,19.48778,-99.110583,58823.529411764706
65.0,19.4753714,-99.1048072,37058.82352941176
59.0,19.455909878,-99.2046815157,47058.82352941176
75.0,19.496491,-99.149702,46176.470588235294
75.0,19.391834,-99.188695,145265.76470588235
75.0,19.403155,-99.074139,36976.470588235294
70.0,19.399226,-99.134352,37395.76470588235
83.0,19.298168,-99.113106,198394.11764705883
62.0,19.413393,-99.131381,77941.17647058824
160.0,19.275206,-99.218292,387058.82352941175
60.0,19.410079,-99.127004,48882.35294117647
116.0,19.478469,-99.116014,185294.11764705883
70.0,19.443903,-99.171681,58549.0
70.0,19.527845,-99.149811,30588.235294117647
60.0,19.440935,-99.188522,217647.0588235294
63.0,19.295734,-99.146996,120588.23529411765
140.0,,,180156.88235294117
64.0,,,144593.82352941178
110.0,19.340202,-99.257774,188235.29411764705
68.0,19.452503,-99.120018,50529.41176470588
83.0,19.3981280251,-99.1629248857,250000.0
92.0,19.410723,-99.182367,305294.1176470588
135.0,19.376822,-99.174675,323529.4117647059
56.0,19.450423,-99.201147,44117.64705882353
160.0,19.275206,-99.218292,387058.82352941175
70.0,19.414009,-99.142481,39962.705882352944
75.0,19.460012,-99.153755,49905.882352941175
99.0,19.394358,-99.177444,175294.11764705883
56.0,19.444584,-99.174675,101529.41176470589
111.0,,,42529.41176470588
50.0,19.410307,-99.065399,48764.705882352944
60.0,19.29707,-99.051074,43823.529411764706
90.0,19.433846,-99.1905,145760.0
90.0,19.422225,-99.167137,84941.17647058824
66.0,19.333996,-99.2375,95647.05882352941
70.0,19.464589,-99.183659,43333.35294117647
51.0,,,211764.70588235295
65.0,19.288229,-99.12374,76470.58823529411
120.0,19.367931,-99.170262,134117.64705882352
70.0,19.446053,-99.120285,31843.176470588234
135.0,19.3794059,-99.1591446,269117.64705882355
70.0,19.52381,-99.151475,51463.529411764706
77.0,19.453457,-99.21764,68235.29411764706
68.0,19.453691,-99.180039,58823.529411764706
70.0,19.453909,-99.208595,89735.29411764706
56.0,19.456993,-99.118637,54764.705882352944
60.0,19.441816,-99.092908,35490.17647058824
62.0,19.394073,-99.153915,156711.17647058822
60.0,19.443178,-99.20237,117019.35294117648
69.0,19.465454,-99.162665,84176.4705882353
50.0,19.369859,-99.135812,39225.882352941175
68.0,19.428152,-99.106194,75000.0
65.0,19.365484,-99.196619,48352.94117647059
62.0,19.39365,-99.14769,170509.17647058822
90.0,19.39365,-99.14769,138235.29411764705
65.0,19.359901,-99.189606,52411.76470588235
80.0,19.470359,-99.183001,65882.35294117648
60.0,19.440935,-99.188522,217647.0588235294
133.0,19.445032,-99.140207,69840.0
56.0,19.452301,-99.207422,44117.64705882353
158.0,19.443545,-99.211823,110588.23529411765
86.0,19.45178,-99.15709,50588.23529411765
98.0,19.469769,-99.157379,144757.5294117647
85.0,19.35782,-99.149406,76176.4705882353
65.0,19.346609,-99.072311,67647.05882352941
113.0,19.427607,-99.160835,100000.0
87.0,19.432657,-99.177444,259764.70588235295
90.0,19.391819,-99.188639,130000.0
62.0,19.336828,-99.135239,22058.823529411766
54.0,19.462355,-99.193313,60588.23529411765
62.0,19.46212,-99.143046,82352.94117647059
57.0,19.4823253,-99.185752,50000.0
80.0,19.365865,-99.148341,107404.29411764706
61.0,19.391903,-99.188954,88235.29411764706
65.0,19.472155,-99.161186,105000.0
69.0,19.472155,-99.161186,104117.64705882352
70.0,19.4736729503,-99.0838479996,75294.11764705883
55.0,,,63490.35294117647
65.0,19.456002,-99.191888,40596.294117647056
64.0,19.348823,-99.125532,98823.5294117647
75.0,19.475745,-99.095737,52884.294117647056
66.0,19.453665,-99.122353,51639.23529411765
65.0,19.39365,-99.14769,152988.23529411765
74.0,19.375626,-99.15461,252970.58823529413
71.0,19.3246591,-99.140855,94117.64705882352
50.0,19.359901,-99.189606,52411.76470588235
80.0,19.306092,-99.113431,61673.529411764706
78.0,19.3499358,-99.2906864,182352.9411764706
95.0,19.392172,-99.154625,144705.88235294117
110.0,19.420936,-99.168425,102156.82352941176
95.0,19.402876,-99.147346,157000.0
85.0,19.436516,-99.173988,220588.23529411765
71.0,,,52352.94117647059
50.0,19.473415,-99.143539,72294.11764705883
127.0,19.400813,-99.157932,314705.8823529412
100.0,19.39365,-99.14769,183176.4705882353
56.0,19.4473207,-99.1745277,94117.64705882352
60.0,19.450551,-99.156352,79117.64705882352
63.0,19.2903346,-99.1272957,77647.05882352941
75.0,19.440749,-99.141649,56098.0
144.0,,,279617.0588235294
67.0,19.257836,-99.167904,111764.70588235294
65.0,19.504985,-99.208557,27058.823529411766
50.0,19.291594,-99.052963,38529.41176470588
50.0,19.317698,-99.061256,50000.0
50.0,19.435768,-99.086264,27142.764705882353
107.0,19.360551,-99.298392,220588.23529411765
114.0,19.278097,-99.132365,129411.76470588235
75.0,19.477827,-99.216217,88135.11764705883
50.0,19.349449,-99.147779,181101.17647058822
75.0,19.351371,-99.161529,39647.529411764706
70.0,19.38828,-99.195529,44533.705882352944
122.0,19.314545,-99.140672,273529.4117647059
70.0,19.452245,-99.15589,79705.88235294117
75.0,19.284672,-99.220367,110294.11764705883
55.0,19.421822,-99.144041,49180.0
150.0,19.272743,-99.17952,347058.82352941175
51.0,19.415143,-99.14685,55294.117647058825
140.0,19.3376152,-99.194904,382352.9411764706
110.0,19.428324,-99.176337,195642.88235294117
80.0,19.402944,-99.199727,67647.05882352941
97.0,19.2464696,-99.1013498,285294.1176470588
64.0,19.409369,-99.171906,270117.64705882355
72.0,19.2790911,-99.2114234,45369.529411764706
89.0,19.436516,-99.173988,227058.82352941178
54.0,19.448311,-99.157021,30000.0
78.0,19.437316,-99.174282,118996.4705882353
52.0,19.329188,-99.07105,22705.882352941175
50.0,19.501052,-99.093589,35294.117647058825
60.0,19.386545,-99.144006,139435.0
60.0,19.446313,-99.14006,23829.882352941175
90.0,19.376541,-99.180214,164705.88235294117
70.0,19.394073,-99.153915,96176.4705882353
85.0,19.373446,-99.139389,44529.41176470588
60.0,19.400379,-99.131088,73529.41176470589
135.0,23.634501,-102.552788,377058.82352941175
87.0,19.375311,-99.13952,109411.76470588235
110.0,19.40899,-99.168508,294117.64705882355
65.0,19.4566382427,-99.200373888,53705.882352941175
60.0,19.328833,-99.133163,119117.64705882352
107.0,19.352219,-99.157096,220588.23529411765
85.0,19.396705,-99.181902,92776.4705882353
58.0,19.506042,-99.153915,117647.05882352941
52.0,,,29411.764705882353
137.0,19.275206,-99.218292,364705.8823529412
90.0,23.634501,-102.552788,103647.05882352941
57.0,19.366738,-99.14554,72000.0
88.0,19.3584465,-99.2719561,279529.4117647059
85.0,19.355921,-99.180214,84647.05882352941
75.0,19.329479,-99.070599,76470.58823529411
67.0,19.428152,-99.106194,88235.29411764706
99.0,19.3867842,-99.1771664,302476.8823529412
137.0,19.381729,-99.164986,318552.9411764706
65.0,19.446829,-99.159454,182058.82352941178
64.0,19.3653,-99.148217,71176.4705882353
52.0,19.405298,-99.164986,174667.64705882352
120.0,19.30829,-99.218079,141176.4705882353
53.0,19.496491,-99.149702,40529.41176470588
80.0,19.387579,-99.170353,122941.17647058824
78.0,19.434723,-99.175887,118996.4705882353
70.0,19.457182,-99.214865,68235.29411764706
59.0,19.443178,-99.144234,101129.41176470589
50.0,19.302588,-99.048903,33514.705882352944
70.0,19.480501,-99.178139,51176.470588235294
70.0,19.3908165,-99.1466355,154847.0588235294
60.0,19.39868,-99.132459,102941.17647058824
60.0,,,114901.94117647059
70.0,19.4432497,-99.2028636,216470.58823529413
80.0,19.35066,-99.122212,83313.76470588235
66.0,23.634501,-102.552788,54240.94117647059
86.0,19.351277,-99.221244,88235.29411764706
60.0,19.383446,-99.137643,53805.17647058824
54.0,19.375278,-99.205132,48823.529411764706
80.0,19.52589,-99.151703,42470.58823529412
151.0,19.3309328,-99.2258874,370588.23529411765
75.0,19.2660749,-99.2284223,110294.11764705883
54.0,19.505199,-99.155991,35882.35294117647
150.0,19.2775156,-99.1645304,211764.70588235295
100.0,19.348706,-99.186108,100588.23529411765
60.0,19.368364,-99.293257,87823.5294117647
70.0,19.485465,-99.13018,70164.70588235294
83.0,19.300302,-99.112552,198394.11764705883
85.0,19.44661,-99.160309,116470.58823529411
60.0,23.634501,-102.552788,70235.29411764706
50.0,19.410904,-99.144807,27265.882352941175
154.0,19.389791,-99.164696,294117.64705882355
60.0,19.375412,-99.144234,120882.35294117648
70.0,19.370272,-99.149127,44705.882352941175
110.0,19.386821,-99.164805,192527.17647058822
70.0,19.361468,-99.083751,30000.0
70.0,19.400731,-99.125466,76000.0
110.0,19.357596,-99.107303,57800.58823529412
113.0,19.431756,-99.161923,128705.88235294117
55.0,19.457911,-99.144234,87647.05882352941
71.0,19.3905096814,-99.1797745215,107974.70588235294
108.0,19.390031,-99.174182,234117.64705882352
78.0,19.364891,-99.148384,168400.0
75.0,19.284672,-99.220367,110294.11764705883
75.0,19.422817,-99.058911,37450.94117647059
141.0,19.334242357,-99.240411222,252380.0588235294
50.0,,,22176.470588235294
66.0,19.448847,-99.17845,64058.82352941176
80.0,,,39962.705882352944
58.0,,,26470.58823529412
57.0,19.406622,-99.124168,77352.94117647059
65.0,19.436561,-99.15195,61764.705882352944
71.0,19.2812307923,-99.1871774197,39187.05882352941
100.0,19.394358,-99.177444,182352.9411764706
60.0,19.46646,-99.16088,84176.4705882353
107.0,19.3765891,-99.1531067,234682.35294117648
58.0,,,38235.294117647056
60.0,19.332034,-99.062028,23529.41176470588
75.0,19.291964,-99.221756,110294.11764705883
133.0,19.394073,-99.153915,280882.35294117645
81.0,,,110988.23529411765
90.0,19.5324951,-99.1407725,195535.29411764705
79.0,19.41973,-99.111403,49705.882352941175
100.0,19.428324,-99.176337,195642.88235294117
56.0,19.392349,-99.07093,50000.0
125.0,19.33923,-99.218987,220588.23529411765
66.0,19.384327,-99.215523,52941.17647058824
65.0,19.298168,-99.113106,150976.4705882353
80.0,19.38512,-99.164668,129411.76470588235
70.0,19.38828,-99.195529,44533.705882352944
95.0,19.39365,-99.14769,59350.117647058825
64.0,19.410307,-99.065399,100000.0
67.0,19.428152,-99.106194,88235.29411764706
50.0,19.404515,-99.059758,51176.470588235294
80.0,23.634501,-102.552788,192233.17647058822
80.0,19.378533,-99.187561,52411.76470588235
91.0,19.377651,-99.128459,147058.82352941178
67.0,19.443178,-99.144234,55882.35294117647
74.0,19.506875,-99.107449,40235.294117647056
100.0,19.335921,-99.168726,97647.05882352941
80.0,19.391834,-99.188695,80000.0
65.0,19.456439,-99.144414,51137.294117647056
90.0,19.282522,-99.145634,61764.705882352944
65.0,19.41973,-99.111403,49705.882352941175
52.0,19.438641,-99.098522,44000.0
54.0,19.342342,-99.026005,33960.76470588235
125.0,19.3349552,-99.2233579,214705.88235294117
61.0,19.376392,-99.192439,58823.529411764706
112.0,19.336195,-99.23692,82352.94117647059
72.0,19.4447238,-99.1719095,129411.76470588235
56.0,19.345893,-99.067395,56941.17647058824
71.0,19.444723,-99.186447,82352.94117647059
60.0,19.509401,-99.203751,33854.05882352941
75.0,19.39365,-99.14769,175617.64705882352
62.0,19.39365,-99.14769,170509.17647058822
90.0,19.409369,-99.171906,226204.9411764706
150.0,19.380747,-99.155304,131977.0588235294
127.0,19.370852,-99.137551,178235.29411764705
120.0,19.405298,-99.164986,371411.76470588235
65.0,19.361385,-99.246689,32352.941176470587
80.0,19.376456,-99.145563,64458.82352941176
60.0,19.357824,-99.286752,162058.82352941178
60.0,19.387651,-99.142257,44117.64705882353
115.0,,,216470.58823529413
60.0,19.332495,-99.168057,54705.882352941175
67.0,,,82352.94117647059
60.0,19.443178,-99.20237,217647.0588235294
137.0,19.358585,-99.185753,366470.5882352941
75.0,19.504985,-99.208557,41215.705882352944
90.0,19.436516,-99.173988,91176.4705882353
80.0,19.383952,-99.160229,194424.70588235295
80.0,19.397356,-99.149456,74792.17647058824
60.0,19.328833,-99.133163,119117.64705882352
60.0,19.300642,-99.11401,129882.35294117648
85.0,19.3935712,-99.113412,111764.70588235294
80.0,19.468775,-99.115636,67294.11764705883
63.0,19.2990233,-99.0436467,63347.94117647059
110.0,19.394073,-99.153915,194117.64705882352
104.0,19.365766,-99.263112,201176.4705882353
70.0,19.370272,-99.149127,42647.05882352941
90.0,19.473486,-99.185753,79411.76470588235
56.0,19.392349,-99.07093,50000.0
118.0,,,25294.117647058825
90.0,19.4374999,-99.1873839,352941.17647058825
69.0,19.392025,-99.135302,87058.82352941176
75.0,19.387579,-99.170353,122941.17647058824
60.0,19.415783,-99.060391,34419.882352941175
84.0,19.304501,-99.123121,53235.294117647056
60.0,,,27352.941176470587
103.0,,,302441.17647058825
80.0,19.398732,-99.185244,80000.0
50.0,19.317698,-99.061256,50000.0
74.0,19.405298,-99.164986,251764.70588235295
64.0,19.410215,-99.14595,49176.470588235294
55.0,19.465349,-99.150474,27647.058823529413
60.0,19.364257,-99.161918,79470.58823529411
54.0,23.634501,-102.552788,323529.4117647059
70.0,19.39617,-99.13791,51764.705882352944
100.0,19.367065,-99.172099,144745.11764705883
135.0,23.634501,-102.552788,276470.5882352941
70.0,19.39617,-99.13791,51764.705882352944
120.0,19.361753,-99.171279,236470.58823529413
97.0,19.2464696,-99.1013498,220588.23529411765
70.0,19.445742,-99.159469,89490.17647058824
110.0,19.350054,-99.123847,169411.76470588235
50.0,19.442774,-99.154919,36588.23529411765
58.0,19.386852,-99.194748,95294.11764705883
70.0,19.445816,-99.170462,80738.23529411765
70.0,19.371132,-99.173156,109137.23529411765
90.0,19.441043,-99.175585,91176.4705882353
62.0,19.3674239,-99.2002892,67647.05882352941
56.0,,,34882.35294117647
75.0,19.448187,-99.161176,43352.94117647059
150.0,,,39647.05882352941
115.0,19.394073,-99.153915,264705.8823529412
85.0,19.388044,-99.185753,49869.294117647056
60.0,19.449216,-99.175596,50117.64705882353
97.0,19.3849579,-99.1598558,287058.82352941175
58.0,19.446466,-99.148569,34411.76470588235
85.0,19.466822,-99.157379,35185.294117647056
70.0,19.334265,-99.20502,89764.70588235294
56.0,19.456993,-99.118637,54764.705882352944
60.0,19.493185,-99.205755,43921.58823529412
60.0,19.3605334,-99.2267067,128235.29411764706
80.0,19.426753,-99.1618449,276470.5294117647
88.0,,,370117.64705882355
105.0,19.4202091,-99.1695901,276470.5882352941
113.0,19.383364,-99.168089,144745.0588235294
85.0,19.501421,-99.172919,43772.529411764706
100.0,19.391819,-99.188639,80000.0
60.0,19.409843,-99.125509,27309.529411764706
50.0,19.404661,-99.133858,88235.29411764706
60.0,19.362795,-99.218987,39782.35294117647
80.0,19.390271,-99.151588,99803.88235294117
50.0,19.355805,-99.205849,29108.823529411766
57.0,19.432471,-99.172571,233529.41176470587
112.0,19.432657,-99.177444,264705.8823529412
63.0,19.3900682,-99.1565398,184158.82352941178
83.0,19.305561,-99.171219,187529.41176470587
152.0,19.364515,-99.15359,220588.23529411765
100.0,19.299715,-99.110003,129882.35294117648
70.0,19.408904,-99.174556,119960.82352941176
95.0,19.364891,-99.148384,76176.4705882353
112.0,19.386852,-99.194748,179356.70588235295
87.0,19.364967,-99.1428406,177322.35294117648
107.0,19.31541,-99.111758,179411.76470588235
60.0,19.427249,-99.161264,44117.64705882353
69.0,19.376456,-99.145563,64470.58823529412
105.0,19.404442,-99.162688,84352.94117647059
90.0,19.409369,-99.171906,226204.9411764706
64.0,19.384327,-99.215523,55352.94117647059
90.0,19.472481,-99.182374,90028.5294117647
60.0,19.365484,-99.196619,48352.94117647059
80.0,19.355751,-99.299347,112647.05882352941
82.0,19.392937,-99.263313,228117.64705882352
109.0,19.394073,-99.153915,293529.4117647059
52.0,19.405014,-99.141464,50000.0
91.0,19.372334,-99.190598,215396.4705882353
100.0,19.4032833,-99.1821858,235055.29411764705
54.0,19.316985,-99.073218,48113.529411764706
145.0,,,31398.882352941175
80.0,19.430766,-99.191251,347058.82352941175
57.0,19.4177154,-99.1788559,206095.58823529413
90.0,19.368335,-99.178389,99235.29411764706
80.0,19.337943,-99.12367,64705.882352941175
80.0,19.383327,-99.152712,103470.58823529411
87.0,19.3339698585,-99.151263535,136191.17647058822
90.0,19.3819271,-99.1891539,199441.17647058822
74.0,19.366678,-99.170611,212058.82352941178
90.0,19.477389,-99.150971,47688.0
70.0,19.35944,-99.217652,39782.35294117647
61.0,19.330173,-99.088004,22941.176470588234
83.0,19.368808,-99.112954,123529.41176470589
65.0,19.527836,-99.169827,38392.882352941175
50.0,19.445829,-99.099647,34941.17647058824
92.0,19.3794059,-99.1591446,228964.70588235295
82.0,19.432657,-99.177444,188235.29411764705
60.0,19.4306069,-99.0949899,166435.9411764706
80.0,19.445743,-99.174986,42528.58823529412
110.0,19.282895,-99.166933,34419.17647058824
54.0,19.407816,-99.129707,43294.117647058825
80.0,19.359897,-99.18956,52411.76470588235
63.0,19.370501,-99.139389,121082.35294117648
80.0,19.364993,-99.155739,76470.58823529411
80.0,19.389717,-99.05073,64705.882352941175
90.0,19.401507,-99.14682,101764.70588235294
65.0,19.44365,-99.141269,30900.0
103.0,19.36269,-99.150565,74117.64705882352
60.0,19.392025,-99.135302,87058.82352941176
110.0,19.37717,-99.167282,223529.41176470587
67.0,19.395835,-99.135191,86470.58823529411
58.0,19.329109,-99.127632,31981.764705882353
80.0,19.3268,-99.118822,67235.29411764706
95.0,19.39942,-99.141673,68805.41176470589
126.0,19.39177,-99.159996,178235.29411764705
95.0,19.394073,-99.153915,176470.58823529413
75.0,19.456208,-99.126229,53214.117647058825
90.0,19.461871,-99.129227,72411.76470588235
56.0,19.304038,-99.047919,18823.529411764706
55.0,19.372684,-99.183678,158823.5294117647
97.0,19.400249,-99.177444,220588.23529411765
70.0,19.33795,-99.123458,49294.117647058825
120.0,19.428324,-99.176337,195642.9411764706
70.0,19.383958,-99.101064,33015.82352941176
65.0,19.452253,-99.124704,76470.58823529411
90.0,19.432657,-99.177444,182352.9411764706
90.0,19.359625,-99.152478,85098.05882352941
143.0,19.417661,-99.177753,378235.29411764705
136.0,19.3583176,-99.189399,384705.8823529412
90.0,19.370046,-99.146155,88235.29411764706
84.0,19.4157753,-99.165401,300000.0
65.0,19.408179,-99.148713,24705.882352941175
98.0,19.469769,-99.157379,144757.5294117647
80.0,19.39867,-99.154329,88394.05882352941
66.0,19.367943,-99.218478,94705.88235294117
73.0,19.364891,-99.148384,150452.9411764706
110.0,19.343979,-99.124863,96980.0
55.0,19.409843,-99.125509,27309.529411764706
65.0,19.472155,-99.161186,105000.0
60.0,19.387651,-99.142257,44117.64705882353
74.0,19.375626,-99.15461,252970.58823529413
87.0,19.394358,-99.177444,299270.5882352941
58.0,19.328299,-99.070236,38235.294117647056
130.0,19.387209,-99.222038,113235.29411764706
60.0,19.477476,-99.093448,42705.882352941175
60.0,19.401371,-99.115535,32764.70588235294
54.0,,,21263.0
60.0,19.396705,-99.181902,97629.41176470589
120.0,19.356062,-99.191978,273058.82352941175
55.0,19.359748,-99.253796,47647.05882352941
80.0,19.445845,-99.149765,53490.17647058824
100.0,19.388044,-99.185753,85658.82352941176
60.0,19.514181,-99.138695,50294.117647058825
118.0,19.311692,-99.126844,176470.58823529413
56.0,,,34206.76470588235
62.0,19.39912,-99.141464,143475.0588235294
84.0,19.39942,-99.141673,68805.35294117648
85.0,19.367025,-99.170349,185294.11764705883
72.0,,,45369.529411764706
64.0,19.386385,-99.142736,49352.94117647059
53.0,19.408234,-99.14455,80354.11764705883
114.0,19.376822,-99.174675,260941.17647058822
135.0,19.394073,-99.153915,305882.35294117645
92.0,19.355921,-99.180214,184352.9411764706
80.0,19.396893,-99.152302,95882.35294117648
72.0,19.369859,-99.135812,65588.23529411765
60.0,19.287188,-99.170525,77647.05882352941
140.0,19.391074,-99.165737,317647.0588235294
60.0,19.413536,-99.147313,100588.23529411765
64.0,19.474421,-99.189081,79411.76470588235
60.0,19.283038,-99.225393,101176.4705882353
64.0,19.369862,-99.268166,159117.64705882352
57.0,19.496491,-99.149702,50588.23529411765
67.0,19.414009,-99.142481,40000.0
64.0,19.39365,-99.14769,179747.0588235294
63.0,19.2990233,-99.0436467,64578.882352941175
127.0,19.400249,-99.177444,116470.58823529411
98.0,19.394358,-99.177444,298547.0588235294
70.0,19.394965,-99.181702,77058.82352941176
107.0,,,230205.88235294117
63.0,19.441439,-99.135309,21058.823529411766
90.0,19.43805,-99.186748,173529.41176470587
57.0,19.3471146,-99.0038712,34117.64705882353
55.0,,,92941.17647058824
94.0,19.411472,-99.188522,176470.58823529413
114.0,19.281996,-99.164753,34419.17647058824
88.0,19.358447,-99.271956,279529.4117647059
65.0,19.472155,-99.161186,105000.0
73.0,19.364891,-99.148384,150452.9411764706
50.0,19.332034,-99.062028,37441.17647058824
55.0,19.377171,-99.188503,98823.5294117647
80.0,19.35944,-99.217652,39782.35294117647
135.0,23.634501,-102.552788,377058.82352941175
96.0,19.41498,-99.177444,319117.64705882355
95.0,19.39557,-99.132937,118705.88235294117
102.0,19.427607,-99.160835,197915.9411764706
60.0,19.309208,-99.171906,86588.23529411765
90.0,19.307954,-99.134187,129882.35294117648
100.0,,,367647.0588235294
80.0,19.436607,-99.159948,64705.882352941175
130.0,19.408949,-99.180214,158823.5294117647
55.0,,,44117.64705882353
50.0,19.419962,-99.171955,170588.23529411765
60.0,19.445742,-99.159469,89490.23529411765
65.0,19.457982,-99.19269,53235.294117647056
100.0,19.4856387,-99.1083012,189411.76470588235
69.0,19.433883,-99.140613,47647.05882352941
90.0,19.356818,-99.188926,161764.70588235295
60.0,19.444924,-99.139843,51725.470588235294
75.0,19.376742,-99.148794,123176.4705882353
98.0,19.418578,-99.17134,111941.17647058824
100.0,19.381043,-99.182902,126980.35294117648
101.0,19.381729,-99.164986,227266.4705882353
90.0,19.407816,-99.129707,62352.94117647059
70.0,19.396705,-99.181902,86564.70588235294
70.0,19.474885,-99.188231,79411.76470588235
56.0,19.450242,-99.194688,54764.705882352944
68.0,19.472155,-99.161186,114708.70588235294
54.0,19.474427,-99.088528,44150.58823529412
58.0,19.386852,-99.194748,95294.11764705883
78.0,19.387764,-99.205826,40000.0
60.0,19.363469,-99.010141,31705.882352941175
65.0,19.365917,-99.196977,44690.58823529412
68.0,19.428152,-99.106194,73529.41176470589
70.0,19.474885,-99.188231,79411.76470588235
50.0,19.452365,-99.124572,62202.05882352941
63.0,19.398671,-99.134129,48823.529411764706
94.0,19.402649,-99.155405,188840.0
70.0,19.367307,-99.141429,83810.17647058824
61.0,19.4306069,-99.0949899,119472.17647058824
60.0,19.461349,-99.149071,49905.882352941175
81.0,19.365446,-99.165248,180676.4705882353
69.0,19.359645,-99.138745,24470.58823529412
65.0,,,89117.64705882352
75.0,19.397899,-99.166031,246282.35294117648
130.0,19.381729,-99.164986,174960.41176470587
112.0,19.388123,-99.177493,304235.29411764705
93.0,19.406619,-99.159696,170588.23529411765
74.0,19.364891,-99.148384,168458.82352941178
65.0,19.314216,-99.135841,107411.76470588235
120.0,19.384424,-99.199196,44532.529411764706
80.0,19.404403,-99.175446,77903.11764705883
136.0,19.337753,-99.030333,61764.705882352944
57.0,19.344499,-99.185726,110084.11764705883
128.0,19.394073,-99.153915,134117.64705882352
130.0,19.2748808,-99.215197,158823.5294117647
55.0,19.375451,-99.143267,70588.23529411765
100.0,19.380644,-99.179176,176470.58823529413
65.0,19.3584291921,-99.1948563607,161764.70588235295
60.0,19.364891,-99.148384,107941.17647058824
52.0,19.2859196,-99.0436792,25712.529411764706
70.0,19.39557,-99.132937,94323.5294117647
150.0,19.40405,-99.181571,305882.35294117645
50.0,19.356419,-99.114266,43658.23529411765
70.0,19.492195,-99.182526,32867.41176470588
65.0,19.441879,-99.167819,35102.94117647059
120.0,19.367931,-99.170262,134705.88235294117
95.0,19.326922,-99.121203,65058.82352941176
60.0,19.339707,-99.131065,39882.35294117647
58.0,19.506042,-99.153915,117647.05882352941
50.0,19.480501,-99.178139,85294.11764705883
60.0,,,179411.76470588235
60.0,19.3706856,-99.1409936,114470.58823529411
103.0,19.439972,-99.184959,352941.17647058825
65.0,19.392983,-99.144299,101176.4705882353
60.0,19.454332,-99.200287,53235.294117647056
68.0,19.336994,-99.162355,85867.64705882352
90.0,19.382013,-99.188522,193588.23529411765
76.0,19.428554,-99.140051,42541.17647058824
70.0,19.361114,-99.222666,44980.35294117647
130.0,,,271170.5882352941
65.0,19.487416,-99.118006,53835.294117647056
60.0,19.3392293,-99.2189838,135294.11764705883
90.0,19.369509,-99.172532,100588.23529411765
50.0,19.420584,-99.124863,70000.0
50.0,19.350684,-99.085273,23717.647058823528
84.0,19.3725316,-99.1384934,147058.82352941178
107.0,,,268694.1176470588
58.0,19.506042,-99.153915,117647.05882352941
96.0,19.3156447,-99.2319303,191176.4705882353
90.0,19.391074,-99.165737,148156.82352941178
102.0,19.395268,-99.175265,177470.58823529413
64.0,19.374628,-99.188927,40294.117647058825
99.0,19.3867842,-99.1771664,296545.9411764706
95.0,19.365766,-99.263112,201176.4705882353
60.0,19.374721,-99.140098,38047.05882352941
85.0,19.314143,-99.134709,100470.58823529411
55.0,19.343424,-99.135933,70588.23529411765
110.0,19.271467,-99.146309,157647.0588235294
73.0,19.496639,-99.150459,42352.94117647059
60.0,19.303392,-99.243225,58596.23529411765
60.0,19.352333,-99.121169,69089.11764705883
50.0,19.2833321409,-99.0551456809,8735.29411764706
73.0,19.403574,-99.154279,173529.41176470587
90.0,19.39557,-99.132937,94323.5294117647
58.0,,,41176.470588235294
70.0,19.480371,-99.188398,47411.76470588235
120.0,19.373281,-99.160485,131588.23529411765
90.0,19.367025,-99.170349,185294.11764705883
70.0,23.634501,-102.552788,156156.0
70.0,19.405208,-99.203968,100000.0
85.0,19.3723335,-99.1905974,172325.88235294117
64.0,19.371342,-99.253616,159117.64705882352
62.0,19.39365,-99.14769,156711.17647058822
67.0,19.3653,-99.148217,71176.4705882353
94.0,19.364891,-99.148384,129411.76470588235
60.0,19.374721,-99.140098,38047.05882352941
70.0,19.369859,-99.135812,39225.882352941175
60.0,,,126176.4705882353
115.0,19.4029724,-99.1804866,285294.1176470588
60.0,19.306198,-99.235825,38352.94117647059
80.0,19.429258,-99.199427,157843.17647058822
80.0,19.380644,-99.179176,147058.82352941178
81.0,19.372684,-99.183678,172941.17647058822
51.0,19.386852,-99.194748,96975.82352941176
55.0,19.3948036,-99.0976808,35294.117647058825
80.0,19.3499358,-99.2906864,164705.88235294117
51.0,19.473415,-99.143539,76882.35294117648
70.0,19.445743,-99.174986,42528.58823529412
70.0,19.484532,-99.207027,86127.41176470589
160.0,,,188235.29411764705
84.0,19.494455,-99.127874,176176.4705882353
64.0,19.375412,-99.144234,140493.11764705883
85.0,,,109411.76470588235
78.0,19.3940734,-99.1539178,150000.0
90.0,19.3368492055,-99.1763359308,72352.94117647059
64.0,19.372724,-99.137094,44529.41176470588
120.0,19.356062,-99.191978,273058.82352941175
70.0,19.403794,-99.155899,60552.58823529412
140.0,,,89117.64705882352
60.0,23.634501,-102.552788,85882.35294117648
58.0,19.528208,-99.156369,51764.705882352944
70.0,19.409843,-99.125509,27309.470588235294
75.0,19.466238,-99.108478,71233.11764705883
90.0,19.431421,-99.143311,104058.82352941176
85.0,19.405911,-99.063045,53505.882352941175
70.0,19.335224,-99.121939,63411.76470588235
70.0,19.304502,-99.123118,53235.294117647056
60.0,19.482603,-99.194748,88235.29411764706
85.0,,,220588.23529411765
53.0,19.405298,-99.164986,100000.0
70.0,19.446704,-99.12456,30726.823529411766
126.0,19.431068,-99.17231,350588.23529411765
135.0,23.634501,-102.552788,377058.82352941175
63.0,19.281164,-99.20237,72831.64705882352
70.0,19.402944,-99.199727,68447.05882352941
158.0,,,60146.470588235294
108.0,19.366081,-99.139389,188235.29411764705
107.0,23.634501,-102.552788,268694.1176470588
71.0,19.281785669,-99.1876251253,41176.470588235294
74.0,19.328362,-99.077087,36647.05882352941
101.0,19.39365,-99.14769,300070.5882352941
90.0,19.395261,-99.153153,146882.35294117648
75.0,19.383569,-99.159402,100000.0
70.0,19.37523,-99.029776,32666.647058823528
95.0,19.3263891,-99.128957,205882.35294117648
63.0,19.47517,-99.152534,138894.0
50.0,19.443753,-99.132751,35278.470588235294
59.0,19.4558087159,-99.2047029734,47058.82352941176
60.0,,,252941.17647058822
75.0,19.456941,-99.156312,44509.76470588235
78.0,19.322523,-99.141464,167647.0588235294
75.0,19.474706,-99.18843,37058.82352941176
50.0,19.419485,-99.133904,82352.94117647059
160.0,19.275206,-99.218292,387058.82352941175
100.0,19.380644,-99.179176,176470.58823529413
89.0,19.4375378206,-99.172296524,230058.82352941178
110.0,19.286619,-99.152534,157647.0588235294
130.0,19.397844,-99.168419,226470.58823529413
60.0,19.407301,-99.184159,52411.76470588235
60.0,19.483301,-99.108269,70164.70588235294
65.0,19.386852,-99.194748,116470.58823529411
70.0,19.372724,-99.137094,44529.41176470588
124.0,19.3930798,-99.162557,302352.9411764706
85.0,19.368544,-99.163605,214705.88235294117
50.0,19.405883,-99.183079,35625.58823529412
107.0,23.634501,-102.552788,268694.1176470588
93.0,19.358585,-99.185753,251711.76470588235
110.0,19.282895,-99.166933,34419.17647058824
70.0,19.372684,-99.183678,152058.82352941178
126.0,19.337316,-99.205923,305882.35294117645
65.0,19.402944,-99.199727,67670.58823529411
80.0,19.399108,-99.115621,69416.05882352941
65.0,19.410511,-99.119943,43573.529411764706
65.0,19.459211,-99.127063,56470.58823529412
60.0,19.416847,-99.154596,73294.11764705883
59.0,19.3339242,-99.158415,50431.76470588235
91.0,19.401507,-99.14682,101764.70588235294
64.0,19.478815,-99.196831,85294.11764705883
53.0,19.410553,-99.133858,87557.64705882352
105.0,19.368544,-99.163605,317647.0588235294
90.0,19.479793,-99.186945,70341.17647058824
80.0,19.452245,-99.15589,79705.88235294117
100.0,19.380937,-99.179545,185882.35294117648
130.0,,,38235.294117647056
66.0,19.430267,-99.137314,194058.82352941178
75.0,19.377383,-99.144978,83856.41176470589
109.0,19.373493,-99.189857,101450.94117647059
70.0,19.35944,-99.217652,39782.35294117647
88.0,,,370117.64705882355
78.0,19.3499358,-99.2906864,170588.23529411765
60.0,19.487416,-99.118006,41652.82352941176
65.0,19.359407,-99.060657,49433.17647058824
85.0,19.384429,-99.178009,252941.17647058822
74.0,19.394073,-99.153915,190217.64705882352
85.0,,,214705.88235294117
70.0,19.39912,-99.141464,68805.35294117648
90.0,19.313878,-99.094271,82529.41176470589
67.0,19.426974,-99.10489,78470.58823529411
104.0,19.302422,-99.230829,116000.0
60.0,19.446915,-99.128639,40347.529411764706
80.0,19.446852,-99.154461,56305.882352941175
66.0,19.479793,-99.186945,70341.17647058824
69.0,19.461256,-99.133059,47323.529411764706
64.0,19.383446,-99.137643,68117.64705882352
67.0,19.461662,-99.190926,34705.882352941175
80.0,19.396893,-99.152302,95882.35294117648
70.0,19.455641,-99.137279,33490.17647058824
74.0,19.401057,-99.184918,87647.05882352941
100.0,19.305984,-99.127341,119823.5294117647
58.0,19.480501,-99.178139,51176.470588235294
56.0,19.444584,-99.174675,101529.41176470589
67.0,19.384258,-99.147671,147794.11764705883
87.0,19.432657,-99.177444,259764.70588235295
76.0,19.355921,-99.180214,302076.4705882353
90.0,19.366362,-99.076023,60000.0
69.0,19.403155,-99.074139,36976.470588235294
87.0,19.4141764,-99.1668407,252941.17647058822
63.0,19.3672829798,-99.206379354,47058.82352941176
80.0,19.377875,-99.176416,85882.35294117648
93.0,19.358585,-99.185753,251711.76470588235
65.0,19.384371,-99.135965,100588.23529411765
65.0,19.403836,-99.059832,51521.470588235294
90.0,19.37671,-99.159695,200000.0
97.0,19.271467,-99.146309,140941.17647058822
75.0,19.423673,-99.144432,43478.41176470588
68.0,19.372334,-99.190598,135294.11764705883
120.0,19.400959,-99.162199,134705.88235294117
97.0,19.271467,-99.146309,140941.17647058822
100.0,19.473486,-99.185753,79411.76470588235
90.0,19.438032,-99.188641,352941.17647058825
90.0,19.336994,-99.162355,71764.70588235294
70.0,19.395523,-99.195703,54176.470588235294
78.0,19.483167,-99.117871,71764.70588235294
76.0,19.352333,-99.121169,69117.64705882352
78.0,19.3539321,-99.291726,164705.88235294117
78.0,19.4795898,-99.1191274,71764.70588235294
120.0,19.4032833,-99.1821858,251195.35294117648
75.0,19.396247,-99.190282,106352.94117647059
85.0,19.368544,-99.163605,214705.88235294117
60.0,19.399818,-99.150869,134117.64705882352
65.0,19.401819,-99.184615,81235.29411764706
80.0,19.381324,-99.104164,52352.94117647059
127.0,19.400249,-99.177444,116470.58823529411
106.0,19.444584,-99.174675,264705.8823529412
64.0,19.320269,-99.055412,30000.0
60.0,19.39527,-99.068478,26228.882352941175
80.0,19.432657,-99.177444,221176.4705882353
66.0,19.46202,-99.188347,114705.88235294117
101.0,19.39365,-99.14769,300070.5882352941
63.0,19.394358,-99.177444,187705.88235294117
85.0,19.368544,-99.163605,214705.88235294117
130.0,19.334123,-99.208359,264705.8823529412
75.0,19.284672,-99.220367,110294.11764705883
85.0,19.455518,-99.123801,52941.17647058824
82.0,19.4005128,-99.1895024,91176.4705882353
50.0,19.486053,-99.109844,24988.235294117647
60.0,19.49662,-99.185876,53176.470588235294
90.0,19.356924,-99.195719,153468.82352941178
157.0,19.3447,-99.212753,279411.76470588235
55.0,,,120588.23529411765
70.0,19.366632,-99.1979,44774.82352941176
96.0,19.409095,-99.163216,298823.5294117647
90.0,19.377169,-99.187643,63662.76470588235
110.0,19.432657,-99.177444,195642.88235294117
97.0,19.271467,-99.146309,140941.17647058822
85.0,19.365478,-99.19662,64901.94117647059
70.0,19.466822,-99.157379,94117.64705882352
98.0,19.394358,-99.177444,298547.0588235294
65.0,,,85294.11764705883
88.0,19.438042,-99.188619,335294.1176470588
57.0,19.339581,-99.197517,123529.41176470589
70.0,19.436561,-99.15195,61764.705882352944
65.0,19.390062,-99.192293,111058.82352941176
69.0,,,35294.117647058825
65.0,19.363542,-99.224084,51882.35294117647
90.0,19.396247,-99.190282,106352.94117647059
108.0,19.360897,-99.149612,299823.5294117647
70.0,19.41973,-99.111403,49705.882352941175
58.0,19.480501,-99.178139,51176.470588235294
60.0,19.440749,-99.141649,49711.882352941175
60.0,19.4582517611,-99.1401529312,91176.4705882353
60.0,19.449216,-99.175596,46666.64705882353
70.0,19.459992,-99.153628,49905.882352941175
80.0,,,53676.470588235294
80.0,19.396018,-99.147827,205421.0588235294
90.0,19.39867,-99.154329,145294.11764705883
74.0,19.394073,-99.153915,190217.64705882352
74.0,19.375626,-99.15461,252970.58823529413
80.0,19.3850304397,-99.1645932198,129411.76470588235
69.0,19.309713,-99.1262,53235.294117647056
62.0,19.307033,-99.1675842,51470.58823529412
80.0,19.3499358,-99.2906864,164705.88235294117
65.0,19.376456,-99.145563,87058.82352941176
55.0,19.337688,-99.059181,29874.70588235294
62.0,19.44365,-99.141269,30882.352941176472
52.0,19.444233,-99.166078,59235.294117647056
85.0,19.375299,-99.139692,100588.23529411765
110.0,19.432657,-99.177444,235294.11764705883
110.0,,,345523.5294117647
100.0,19.397983,-99.146696,96176.4705882353
60.0,19.395358,-99.068457,26228.823529411766
108.0,19.389773,-99.16221,220588.23529411765
85.0,19.384371,-99.135965,74882.35294117648
60.0,19.385603,-99.188292,46764.705882352944
72.0,19.386852,-99.194748,144117.64705882352
75.0,19.400165,-99.135621,60552.58823529412
65.0,19.353066,-99.084569,27843.117647058825
70.0,19.492195,-99.182526,28879.235294117647
65.0,19.417636,-99.153292,50459.41176470588
50.0,19.375105,-99.078451,47929.41176470588
90.0,19.441043,-99.175585,91176.4705882353
110.0,19.395261,-99.153153,147450.9411764706
66.0,19.367348,-99.220413,66294.11764705883
80.0,19.2738496,-99.1566726,91176.4705882353
85.0,19.404403,-99.175446,77903.17647058824
60.0,19.2990233,-99.0436467,60461.58823529412
126.0,19.4261769,-99.1738149,117647.05882352941
70.0,19.454332,-99.200287,60102.94117647059
70.0,19.350145,-99.086731,32119.58823529412
70.0,19.377404,-99.193301,102058.82352941176
68.0,19.3928098,-99.1497664,86764.70588235294
130.0,19.324216,-99.216411,288823.5294117647
83.0,,,219705.88235294117
60.0,19.4574273007,-99.1762598231,132235.29411764705
54.0,19.370010759,-99.0080487728,32437.058823529413
95.0,19.394073,-99.153915,176470.58823529413
75.0,19.428767,-99.1459,63292.882352941175
137.0,19.275206,-99.218292,364705.8823529412
89.0,19.381729,-99.164986,176470.58823529413
120.0,19.356062,-99.191978,273058.82352941175
69.0,19.2990233,-99.0436467,61350.35294117647
70.0,19.402151,-99.177065,47315.882352941175
84.0,19.3829676434,-99.1559457779,300070.5882352941
50.0,19.317534,-99.058491,38588.23529411765
65.0,,,67647.05882352941
60.0,19.446829,-99.159454,35882.35294117647
55.0,,,35294.117647058825
60.0,19.428767,-99.1459,63292.82352941176
64.0,19.474655,-99.189277,55882.35294117647
80.0,19.427754,-99.171109,88823.5294117647
82.0,19.394073,-99.153915,173000.0
120.0,19.380943,-99.152453,217647.0588235294
100.0,19.33923,-99.218987,208823.5294117647
85.0,19.489477,-99.164582,60037.64705882353
70.0,19.487517,-99.181718,50235.294117647056
55.0,19.396727,-99.115875,86764.70588235294
64.0,19.3638234,-99.1444714,140882.35294117648
58.0,19.386852,-99.194748,95294.11764705883
140.0,19.358585,-99.185753,305882.35294117645
75.0,19.3755039,-99.1630337,231882.35294117648
58.0,19.348085,-99.108036,71176.4705882353
134.0,19.357464,-99.207909,346038.23529411765
80.0,19.35782,-99.149406,76176.4705882353
74.0,19.451204,-99.153631,129411.76470588235
65.0,19.449392,-99.138544,47647.05882352941
102.0,19.3319317,-99.2466874,252941.17647058822
82.0,19.382013,-99.188522,182352.9411764706
145.0,19.3418937,-99.2245237,273529.4117647059
56.0,19.362463,-99.017724,40529.41176470588
70.0,19.480501,-99.178139,51176.470588235294
70.0,19.443903,-99.171681,58549.05882352941
130.0,19.397844,-99.168419,226470.58823529413
60.0,19.325848,-99.075081,38235.294117647056
68.0,23.634501,-102.552788,115558.82352941176
60.0,19.447127,-99.133204,23470.58823529412
65.0,,,108823.5294117647
60.0,19.406854,-99.125897,80588.23529411765
70.0,19.403155,-99.074139,38117.64705882353
55.0,19.396727,-99.115875,86764.70588235294
60.0,,,47058.82352941176
60.0,19.4557176701,-99.2047029734,47647.05882352941
88.0,,,347341.17647058825
67.0,19.446829,-99.159454,135988.23529411765
121.0,19.2990233,-99.0436467,96422.4705882353
60.0,19.416979,-99.144176,50459.41176470588
50.0,,,57529.41176470588
61.0,,,152435.29411764705
98.0,19.418578,-99.17134,111352.94117647059
71.0,19.415094,-99.155116,182235.29411764705
54.0,19.387651,-99.142257,44117.64705882353
55.0,,,73529.41176470589
98.0,19.367424,-99.185753,176470.58823529413
78.0,19.437285,-99.174303,118996.4705882353
60.0,,,305882.35294117645
54.0,19.527836,-99.169827,44705.882352941175
97.0,19.403483,-99.153132,176470.58823529413
101.0,,,264705.8823529412
116.0,19.388044,-99.185753,105701.76470588235
77.0,19.3744098,-99.1459317,128235.29411764706
54.0,19.3706856,-99.1409936,104117.64705882352
109.0,19.380747,-99.155304,293529.4117647059
60.0,19.440935,-99.188522,232352.9411764706
60.0,19.412142,-99.146127,50000.0
85.0,19.453564,-99.133092,43352.94117647059
80.0,19.3499358,-99.2906864,182352.9411764706
120.0,19.433274,-99.210758,258711.76470588235
102.0,19.3339183962,-99.2398104072,252941.17647058822
88.0,19.406622,-99.124168,117058.82352941176
60.0,19.365175,-99.230064,94117.64705882352
67.0,19.446829,-99.159454,135988.23529411765
56.0,19.457911,-99.144234,88235.29411764706
65.0,19.394628,-99.143842,82352.94117647059
55.0,23.634501,-102.552788,108601.11764705883
130.0,,,271170.5882352941
65.0,19.308513,-99.134255,49705.882352941175
120.0,19.303392,-99.243225,58596.23529411765
70.0,19.396502,-99.128797,44599.41176470588
70.0,19.51119,-99.19437,33854.05882352941
100.0,19.3605334,-99.2267067,187058.82352941178
88.0,19.272236,-99.2118281,128823.5294117647
68.0,19.3733676,-99.1337252,143329.76470588235
70.0,19.365686,-99.263209,201176.4705882353
65.0,19.458968,-99.152898,24705.882352941175
60.0,19.46033,-99.188194,52235.294117647056
60.0,19.416439,-99.125632,75882.35294117648
72.0,19.380951,-99.13662,134226.17647058822
60.0,19.452419,-99.175058,57647.05882352941
55.0,,,92941.17647058824
65.0,19.470991,-99.168165,35185.705882352944
100.0,19.381729,-99.164986,176470.58823529413
82.0,23.634501,-102.552788,234117.64705882352
80.0,19.303392,-99.243225,38352.94117647059
130.0,19.4378793,-99.1963608,381176.4705882353
60.0,19.367607,-99.18973,45769.35294117647
110.0,19.427579,-99.171238,88823.5294117647
91.0,19.399831,-99.149236,62060.58823529412
60.0,19.328411,-99.286873,51176.470588235294
70.0,19.453996,-99.195188,32211.764705882353
110.0,19.428767,-99.1459,91182.05882352941
50.0,23.634501,-102.552788,19514.117647058825
65.0,19.446829,-99.159454,182058.82352941178
65.0,19.400165,-99.135621,60552.58823529412
128.0,19.399818,-99.150869,134117.64705882352
100.0,19.44324,-99.202084,116167.70588235294
85.0,19.440749,-99.141649,38259.882352941175
50.0,19.317698,-99.061256,50000.0
60.0,19.4518716,-99.1735223,52352.94117647059
80.0,19.30618,-99.161962,65947.05882352941
50.0,19.317698,-99.061256,50000.0
90.0,19.449997,-99.18117,46536.05882352941
95.0,19.381011,-99.182809,126411.76470588235
80.0,19.409318,-99.171225,285294.1176470588
50.0,19.370272,-99.149127,44705.882352941175
51.0,19.440935,-99.188522,233529.41176470587
160.0,19.436619,-99.192294,41764.705882352944
108.0,19.380938,-99.165597,268841.17647058825
56.0,19.392349,-99.07093,50000.0
78.0,19.3743553,-99.1383819,156266.76470588235
80.0,19.386033,-99.18296,77058.82352941176
110.0,,,152176.4705882353
97.0,19.380644,-99.179176,175705.88235294117
83.0,19.3794059,-99.1591446,146611.76470588235
90.0,19.336195,-99.23692,79411.76470588235
67.0,19.428152,-99.106194,88235.29411764706
80.0,19.343558,-99.15189,96233.23529411765
70.0,19.400446,-99.165941,105882.35294117648
108.0,19.3010279716,-99.1442191601,97058.82352941176
110.0,19.281996,-99.164753,34419.17647058824
58.0,19.386852,-99.194748,95294.11764705883
60.0,19.399516,-99.154307,65490.17647058824
67.0,19.41498,-99.177444,211764.70588235295
70.0,19.384365,-99.156091,50000.0
70.0,19.33427,-99.083374,37823.529411764706
50.0,19.400785,-99.147419,59110.529411764706
78.0,19.3499358,-99.2906864,188235.29411764705
55.0,19.403331,-99.145021,24271.823529411766
84.0,19.455771,-99.134794,75294.11764705883
65.0,19.455666,-99.188522,58529.41176470588
60.0,19.347893,-99.078113,20588.235294117647
65.0,19.399226,-99.134352,37395.76470588235
70.0,19.445742,-99.159469,90078.41176470589
56.0,19.456993,-99.118637,54764.705882352944
69.0,19.366632,-99.1979,44823.529411764706
80.0,19.375626,-99.15461,223529.41176470587
113.0,19.3864346,-99.1594925,291176.4705882353
135.0,23.634501,-102.552788,377058.82352941175
118.0,19.390415,-99.254997,22647.058823529413
60.0,19.446313,-99.14006,23829.882352941175
117.0,19.3978,-99.175813,265094.1176470588
130.0,,,300000.0
94.0,19.469481,-99.130764,107058.82352941176
75.0,19.365865,-99.148341,107404.29411764706
90.0,19.376456,-99.145563,64458.882352941175
93.0,19.334574,-99.146676,223529.41176470587
60.0,19.4431776,-99.2023662,217647.0588235294
60.0,19.456439,-99.144414,52262.705882352944
80.0,19.430532,-99.154981,127724.70588235294
65.0,,,88235.29411764706
90.0,19.382944,-99.180028,199529.41176470587
75.0,19.485552,-99.122093,50294.117647058825
75.0,19.307417,-99.125191,41178.23529411765
90.0,19.452143,-99.181477,74117.64705882352
70.0,19.475745,-99.095737,65223.05882352941
89.0,19.466954,-99.117546,38001.17647058824
51.0,,,129352.94117647059
65.0,19.39365,-99.14769,152988.23529411765
63.0,19.417923,-99.148384,86135.29411764706
107.0,19.378533,-99.187561,88676.4705882353
85.0,,,44117.64705882353
61.0,19.313878,-99.094271,73529.41176470589
60.0,19.395097,-99.150424,59350.117647058825
56.0,19.392349,-99.07093,50000.0
69.0,19.440749,-99.141649,38258.82352941176
55.0,19.372684,-99.183678,158823.5294117647
65.0,19.456211,-99.185781,56882.35294117647
91.0,19.3725338,-99.1762997,214117.64705882352
56.0,19.444584,-99.174675,101529.41176470589
89.0,23.634501,-102.552788,202941.17647058822
57.0,19.325989,-99.110649,41764.705882352944
114.0,19.39177,-99.159996,104180.35294117648
100.0,19.373493,-99.189857,100862.76470588235
60.0,19.410079,-99.127004,48882.35294117647
60.0,19.509401,-99.203751,30000.0
100.0,19.433846,-99.1905,145760.0
65.0,19.460012,-99.153755,49905.882352941175
70.0,19.30665,-99.148436,68226.11764705883
53.0,19.331932,-99.246689,138235.29411764705
60.0,19.456208,-99.126229,53214.117647058825
70.0,19.364891,-99.148384,87058.82352941176
50.0,19.359645,-99.138745,24447.941176470587
128.0,19.398823,-99.147262,294117.64705882355
90.0,19.402151,-99.177065,47315.94117647059
54.0,19.455291,-99.130531,28117.647058823528
85.0,19.417364,-99.159454,88235.29411764706
57.0,19.3217152,-99.2645126,27176.470588235294
88.0,,,270588.23529411765
65.0,19.346609,-99.072311,67647.05882352941
60.0,19.445553,-99.097057,56869.470588235294
70.0,19.379804,-99.153143,99803.88235294117
135.0,,,282294.1176470588
80.0,19.370046,-99.146155,88235.29411764706
116.0,19.378533,-99.187561,111294.11764705883
64.0,19.3834462,-99.1376427,73529.41176470589
69.0,19.506042,-99.153915,40588.23529411765
80.0,19.273713,-99.120741,78730.76470588235
60.0,19.38758,-99.170351,122941.17647058824
110.0,19.337804,-99.150336,67058.82352941176
74.0,19.397933,-99.146528,96176.4705882353
104.0,19.371132,-99.173156,108549.0
103.0,19.337487,-99.238026,214705.88235294117
85.0,19.380951,-99.13662,100588.23529411765
136.0,19.369018,-99.174236,385431.76470588235
62.0,,,195049.41176470587
75.0,,,53941.17647058824
112.0,19.431629,-99.162762,125686.23529411765
95.0,19.379495,-99.153411,224705.88235294117
98.0,19.394358,-99.177444,298547.0588235294
61.0,19.430326,-99.109779,49411.76470588235
70.0,19.366302,-99.193367,44690.58823529412
59.0,,,43529.41176470588
80.0,19.3499358,-99.2906864,164705.88235294117
66.0,19.305561,-99.171219,85882.35294117648
100.0,19.375412,-99.144234,83856.41176470589
160.0,19.275206,-99.218292,387058.82352941175
96.0,19.389044,-99.179657,59411.76470588235
108.0,19.3503274,-99.2989735,370261.4705882353
90.0,19.419403,-99.135361,119117.64705882352
90.0,19.39912,-99.141464,164705.88235294117
55.0,19.372684,-99.183678,158823.5294117647
54.0,19.524702,-99.149456,39058.82352941176
103.0,19.367424,-99.185753,237294.11764705883
90.0,19.374579,-99.146739,107411.76470588235
67.0,,,144341.17647058822
120.0,19.366901,-99.297272,197647.0588235294
75.0,19.38828,-99.195529,30094.117647058825
80.0,19.3499358,-99.2906864,164705.88235294117
65.0,19.417923,-99.148384,49179.76470588235
65.0,19.36418,-99.190162,193823.5294117647
85.0,19.394073,-99.153915,170588.23529411765
55.0,19.450302,-99.125835,38862.76470588235
50.0,19.369214,-99.136022,30000.0
78.0,19.403707,-99.151813,100000.0
61.0,19.364891,-99.148384,156894.11764705883
53.0,19.519327,-99.152647,35294.117647058825
74.0,19.3807458,-99.1553016,171235.29411764705
88.0,19.406622,-99.124168,117058.82352941176
60.0,19.348823,-99.125532,96980.05882352941
60.0,19.401279,-99.154834,76588.23529411765
70.0,19.441695,-99.142965,45588.23529411765
102.0,19.3319317,-99.2466874,255882.35294117648
113.0,,,363764.70588235295
62.0,19.3138777,-99.094271,75294.11764705883
65.0,,,96882.35294117648
88.0,19.406622,-99.124168,117058.82352941176
65.0,19.382214,-99.171158,116764.70588235294
70.0,19.402712,-99.070958,55549.05882352941
70.0,19.451809,-99.170181,74705.88235294117
80.0,,,64705.882352941175
75.0,19.322108,-99.141935,39647.529411764706
150.0,19.382986,-99.241837,201176.4705882353
79.0,19.496204,-99.086136,44117.64705882353
60.0,19.367025,-99.170349,185294.11764705883
65.0,19.369509,-99.172532,100588.23529411765
120.0,19.3863359934,-99.1677904129,275294.1176470588
130.0,19.324216,-99.216411,288823.5294117647
57.0,19.298168,-99.113106,105294.11764705883
87.0,19.394358,-99.177444,299270.5882352941
61.0,19.4300346249,-99.1455409528,44117.64705882353
60.0,19.422879,-99.058971,42058.82352941176
69.0,19.396213,-99.142238,47352.94117647059
90.0,19.366632,-99.1979,44774.82352941176
58.0,19.309047,-99.10365,37941.17647058824
160.0,19.435605,-99.192395,42352.94117647059
97.0,19.341894,-99.224525,186923.5294117647
64.0,19.410307,-99.065399,100000.0
62.0,19.394358,-99.177444,211764.70588235295
107.0,23.634501,-102.552788,268694.1176470588
79.0,,,55882.35294117647
60.0,23.634501,-102.552788,98823.5294117647
95.0,19.431629,-99.162762,125100.0
70.0,19.466822,-99.157379,94117.64705882352
95.0,19.396018,-99.147827,205411.76470588235
135.0,19.394358,-99.177444,367290.0
61.0,19.403697,-99.153875,170509.17647058822
70.0,19.39557,-99.132937,181908.23529411765
60.0,19.430456,-99.1889121,252941.17647058822
74.0,19.394073,-99.153915,190217.64705882352
60.0,19.269059,-99.210225,68058.82352941176
79.0,19.376392,-99.192439,41354.470588235294
80.0,19.370272,-99.149127,50588.23529411765
50.0,19.409843,-99.125509,27309.470588235294
63.0,,,45294.117647058825
80.0,19.369509,-99.172532,100588.23529411765
75.0,19.332435,-99.168088,54588.23529411765
80.0,19.304032,-99.112841,74274.4705882353
60.0,,,23529.41176470588
88.0,19.406622,-99.124168,117058.82352941176
95.0,19.383952,-99.160229,194424.70588235295
72.0,19.365035,-99.148422,161764.70588235295
105.0,19.408904,-99.174556,119372.5294117647
80.0,19.430456,-99.1889121,347058.82352941175
79.0,19.342083,-99.0532159,103235.29411764706
127.0,19.391074,-99.165737,194117.64705882352
70.0,19.474655,-99.189277,35930.76470588235
74.0,19.428852,-99.15547,94860.58823529411
87.0,19.394358,-99.177444,299270.5882352941
60.0,19.410079,-99.127004,48882.35294117647
122.0,19.36594,-99.163153,285294.1176470588
68.0,19.431252,-99.146999,35294.117647058825
100.0,19.33923,-99.218987,208823.5294117647
62.0,19.366081,-99.139389,118235.29411764706
60.0,19.525082,-99.144372,35470.58823529412
122.0,19.4089477,-99.1802147,229411.76470588235
54.0,19.3608931,-99.0247978,29411.764705882353
75.0,19.504985,-99.208557,76435.17647058824
74.0,19.440749,-99.141649,88823.5294117647
80.0,19.359732,-99.253887,135294.11764705883
65.0,19.386852,-99.194748,116470.58823529411
80.0,19.373281,-99.160485,130980.41176470589
90.0,19.393568,-99.186143,97411.76470588235
55.0,19.396727,-99.115875,86764.70588235294
100.0,19.368475,-99.17952,185294.11764705883
80.0,19.437147,-99.167073,58823.529411764706
114.0,19.39177,-99.159996,104180.35294117648
69.0,19.486385,-99.181492,32352.941176470587
60.0,19.2990233,-99.0436467,62492.23529411765
65.0,19.384117,-99.205132,36078.41176470588
60.0,19.455098,-99.126505,53214.117647058825
83.0,19.33923,-99.218987,223529.41176470587
127.0,19.336274,-99.223196,139098.0
105.0,19.379525,-99.188914,60705.882352941175
75.0,19.372724,-99.137094,44529.41176470588
70.0,19.453564,-99.133092,43338.529411764706
100.0,19.334955,-99.223358,191764.70588235295
91.0,19.337447,-99.224257,235843.29411764705
70.0,19.461256,-99.133059,43235.294117647056
137.0,19.341894,-99.224525,313770.5882352941
62.0,19.377079,-99.198218,126470.58823529411
60.0,19.414713,-99.149175,43411.76470588235
60.0,19.376536,-99.136148,44529.41176470588
71.0,19.384467,-99.135872,109411.76470588235
80.0,19.355751,-99.299347,112647.05882352941
85.0,19.348122,-99.125716,97000.0
120.0,,,146980.41176470587
65.0,19.492195,-99.182526,32867.41176470588
71.0,19.510884,-99.140364,76213.4705882353
68.0,19.428152,-99.106194,75000.0
50.0,19.350684,-99.085273,23717.647058823528
65.0,19.466822,-99.157379,35185.294117647056
53.0,19.444584,-99.174675,126470.58823529411
75.0,19.460586,-99.210014,59823.529411764706
90.0,19.375394,-99.182066,108823.5294117647
55.0,19.51119,-99.19437,33854.05882352941
54.0,19.462355,-99.193313,60588.23529411765
51.0,19.342083,-99.0532159,27105.882352941175
63.0,19.394358,-99.177444,187705.88235294117
51.0,19.4426,-99.097198,35490.17647058824
91.0,19.355751,-99.299347,82352.94117647059
70.0,19.365175,-99.230064,45294.117647058825
110.0,19.39365,-99.14769,101764.70588235294
100.0,19.41498,-99.177444,205882.35294117648
69.0,19.273468,-99.167976,55294.117647058825
70.0,19.326368,-99.1147,62117.64705882353
83.0,19.33923,-99.218987,164705.88235294117
62.0,19.454332,-99.200287,56470.58823529412
107.0,19.39868,-99.132459,131823.5294117647
65.0,19.397983,-99.146696,96176.4705882353
65.0,19.380392,-99.14769,133529.41176470587
69.0,19.372724,-99.137094,44529.41176470588
150.0,19.387209,-99.222038,109294.11764705883
90.0,19.377369,-99.198052,71628.70588235294
64.0,19.390062,-99.192293,105882.35294117648
60.0,19.445553,-99.097057,56869.470588235294
145.0,19.384724,-99.145619,138235.29411764705
65.0,19.469418,-99.164299,62352.94117647059
72.0,19.30618,-99.161962,65941.17647058824
153.0,,,71917.17647058824
53.0,19.451597,-99.196136,126470.58823529411
60.0,19.450028,-99.163061,21764.70588235294
62.0,,,34705.882352941175
65.0,19.452689,-99.117987,52815.64705882353
108.0,19.3753941,-99.1820661,252941.17647058822
64.0,19.478815,-99.196831,85294.11764705883
100.0,,,206019.0
84.0,19.380937,-99.179545,185882.35294117648
75.0,19.412142,-99.146127,50000.0
70.0,19.365917,-99.196977,44690.58823529412
76.0,19.380292,-99.168756,111764.70588235294
76.0,19.392256,-99.156281,148624.70588235295
90.0,19.440749,-99.141649,82941.17647058824
51.0,,,49305.470588235294
71.0,19.2812510467,-99.1872954369,47941.17647058824
80.0,19.474655,-99.189277,35930.76470588235
65.0,19.364388,-99.229659,61215.705882352944
90.0,19.366738,-99.14554,72000.0
69.0,19.333312,-99.07315,60710.58823529412
80.0,19.366883,-99.172281,143568.64705882352
56.0,19.375983,-99.017354,40294.117647058825
50.0,19.363524,-99.247303,43529.41176470588
107.0,19.436516,-99.173988,293847.0588235294
67.0,19.3674235,-99.185752,157941.17647058822
97.0,19.271467,-99.146309,140941.17647058822
66.0,19.437708,-99.162265,141176.4705882353
91.0,19.3867842,-99.1771664,289741.0
65.0,19.366708,-99.205907,43705.882352941175
60.0,19.35757,-99.287349,176470.58823529413
55.0,19.491802,-99.200867,38882.35294117647
50.0,19.407816,-99.129707,62352.94117647059
100.0,19.394358,-99.177444,256388.23529411765
56.0,19.452301,-99.207422,44117.64705882353
145.0,19.381089,-99.172861,385120.5882352941
80.0,19.3757,-99.196831,71628.70588235294
76.0,19.359032,-99.14383,229511.76470588235
65.0,19.365917,-99.196977,44690.58823529412
70.0,19.398044,-99.174323,79411.76470588235
90.0,19.399461,-99.175182,56078.41176470588
78.0,19.367835,-99.142228,177641.17647058822
50.0,19.465454,-99.162665,84155.11764705883
150.0,19.381729,-99.164986,270588.23529411765
78.0,19.365382,-99.207035,44117.64705882353
70.0,19.38696,-99.219493,152176.4705882353
130.0,19.364671,-99.177543,257647.0588235294
102.0,19.481344,-99.146996,53790.0
70.0,19.374721,-99.140098,87058.82352941176
75.0,19.504985,-99.208557,41803.94117647059
70.0,19.335027,-99.235501,79411.76470588235
50.0,19.454082,-99.125206,70588.23529411765
50.0,19.416119,-99.145631,28611.764705882353
91.0,19.341894,-99.224525,174647.0588235294
84.0,19.391819,-99.188639,80000.0
65.0,,,118147.05882352941
74.0,19.405298,-99.164986,251764.70588235295
75.0,19.379856,-99.14689,161764.70588235295
87.0,19.432657,-99.177444,259764.70588235295
64.0,19.39365,-99.14769,179747.0588235294
58.0,19.386852,-99.194748,95294.11764705883
68.0,,,208823.5294117647
60.0,19.3324251,-99.0617338,32352.941176470587
124.0,19.4116348,-99.161045,338235.29411764705
125.0,19.337163,-99.224723,264705.8823529412
68.0,19.397933,-99.146528,96176.4705882353
65.0,19.502529,-99.194061,44752.94117647059
141.0,19.381729,-99.164986,313529.4117647059
85.0,19.38758,-99.170351,122941.17647058824
50.0,19.439037,-99.119514,38764.705882352944
54.0,19.33225,-99.244048,152352.9411764706
90.0,19.474885,-99.188231,79411.76470588235
81.0,19.366901,-99.297272,197117.64705882352
130.0,,,25690.176470588234
87.0,19.400004,-99.16735,227647.0588235294
130.0,19.367025,-99.170349,185294.11764705883
70.0,19.374703,-99.140201,87058.82352941176
83.0,19.2593219936,-99.1264776886,67647.05882352941
84.0,19.400004,-99.16735,219705.88235294117
65.0,19.472155,-99.161186,105000.0
94.0,19.394073,-99.153915,212352.9411764706
86.0,19.387579,-99.170353,122941.17647058824
72.0,19.4179244,-99.104437,60235.294117647056
60.0,19.332435,-99.168088,54588.23529411765
63.0,19.47517,-99.152534,138894.0
59.0,19.524143,-99.160149,38235.294117647056
70.0,19.391819,-99.188639,80000.0
50.0,,,41364.705882352944
60.0,19.417363,-99.068463,58823.529411764706
72.0,19.2790911,-99.2114234,45369.529411764706
80.0,19.35782,-99.149406,76176.4705882353
85.0,19.366302,-99.193367,51176.470588235294
80.0,19.382649,-99.143384,49294.117647058825
64.0,19.332495,-99.168057,54705.882352941175
58.0,,,103965.58823529411
125.0,19.428622,-99.14602,89117.64705882352
90.0,19.383952,-99.160229,182941.17647058822
50.0,19.378897,-99.140392,105896.4705882353
80.0,19.359901,-99.189606,52411.76470588235
60.0,19.441879,-99.167819,35705.882352941175
65.0,,,103117.64705882352
80.0,23.634501,-102.552788,341608.17647058825
120.0,19.335033,-99.200347,165933.64705882352
110.0,19.408904,-99.174556,119960.76470588235
66.0,19.377369,-99.198052,65882.35294117648
65.0,,,67647.05882352941
63.0,19.303736,-99.163605,118387.76470588235
53.0,19.438032,-99.18863,235294.11764705883
82.0,19.44029,-99.088906,83823.5294117647
70.0,19.386821,-99.164805,174960.41176470587
60.0,23.634501,-102.552788,170588.23529411765
75.0,19.454722,-99.1573,43823.529411764706
113.0,19.366883,-99.172281,144745.0588235294
55.0,19.453175,-99.113565,25676.470588235294
127.0,19.400249,-99.177444,116470.58823529411
75.0,19.39942,-99.141673,68805.35294117648
67.0,19.368544,-99.163605,80000.0
50.0,19.308287,-99.146309,83470.58823529411
61.0,19.364891,-99.148384,156894.11764705883
68.0,23.634501,-102.552788,115558.82352941176
58.0,19.370822,-99.105239,40058.82352941176
70.0,19.309524,-99.069605,48294.117647058825
80.0,19.44661,-99.160309,116470.58823529411
74.0,19.39365,-99.14769,190217.64705882352
80.0,19.440749,-99.141649,88823.5294117647
84.0,19.287598,-99.14769,172841.35294117648
75.0,19.396705,-99.181902,86564.70588235294
91.0,19.333981,-99.233654,101294.11764705883
97.0,19.441707,-99.162394,294117.64705882355
141.0,19.420166,-99.220367,23529.41176470588
56.0,19.456993,-99.118637,54764.705882352944
135.0,,,247058.82352941178
126.0,,,370588.23529411765
69.0,19.374721,-99.140098,45294.117647058825
93.0,19.380644,-99.179176,164705.88235294117
65.0,19.369859,-99.135812,65588.23529411765
105.0,19.408904,-99.174556,119960.76470588235
140.0,19.3353804658,-99.1962175354,375294.1176470588
70.0,19.446256,-99.147767,54745.117647058825
70.0,19.478539,-99.151497,42941.17647058824
58.0,19.311959,-99.117466,42529.41176470588
110.0,19.286619,-99.152534,157647.0588235294
70.0,19.307417,-99.125191,41176.470588235294
90.0,19.444584,-99.174675,76176.4705882353
67.0,19.428152,-99.106194,88235.29411764706
129.0,19.390748,-99.158695,147058.82352941178
101.0,19.3934457,-99.1796926,317196.70588235295
61.0,19.3736979,-99.1933122,130469.70588235294
60.0,19.378233,-99.2054,80000.0
52.0,19.444192,-99.166099,51300.0
70.0,19.446256,-99.147767,54156.882352941175
55.0,19.374704,-99.1404,38047.05882352941
70.0,19.456439,-99.144414,52262.76470588235
90.0,19.3726839,-99.1836755,244117.64705882352
140.0,,,70588.23529411765
85.0,19.433846,-99.1905,145760.0
90.0,19.470041,-99.165638,43843.117647058825
52.0,19.329869,-99.085444,21176.470588235294
90.0,19.304032,-99.112841,74274.5294117647
60.0,19.328833,-99.133163,119117.64705882352
62.0,19.458551,-99.127184,56470.58823529412
65.0,19.445816,-99.170462,67037.35294117648
70.0,19.364312,-99.153551,116856.41176470589
104.0,19.3652461,-99.2010382,270117.64705882355
101.0,19.381729,-99.164986,227266.4705882353
60.0,19.365002,-99.01358,55882.35294117647
85.0,19.363073,-99.158843,214705.88235294117
88.0,19.362511,-99.166374,200682.35294117648
66.0,19.367943,-99.218478,73529.41176470589
52.0,19.355751,-99.299347,152941.17647058822
90.0,19.414261,-99.104118,164705.88235294117
79.0,19.3638234,-99.1444714,146764.70588235295
60.0,19.422397,-99.09769,20588.235294117647
75.0,19.453036,-99.15556,52529.41176470588
107.0,19.376589,-99.153107,240582.35294117648
61.0,19.4304191011,-99.1454980375,44117.64705882353
70.0,19.2464696,-99.1013498,47058.82352941176
67.0,19.446829,-99.159454,144341.17647058822
68.0,19.396705,-99.181902,86564.70588235294
65.0,19.527514,-99.15184,45922.117647058825
70.0,19.348122,-99.125716,96980.0
80.0,19.371543,-99.141669,67058.82352941176
50.0,19.373161,-99.130394,30000.0
80.0,19.431791,-99.171759,191704.17647058822
75.0,19.559639,-99.137195,58823.529411764706
70.0,19.474884,-99.188233,79411.76470588235
80.0,19.396018,-99.147827,205421.0
56.0,19.392349,-99.07093,50000.0
78.0,19.396893,-99.152302,95882.35294117648
65.0,,,145294.11764705883
64.0,19.3961879,-99.1874317,85294.11764705883
69.0,19.405867,-99.067802,32076.470588235294
74.0,19.375626,-99.15461,252970.58823529413
70.0,19.470359,-99.183001,69411.76470588235
113.0,19.337112,-99.144234,170588.23529411765
147.0,19.492571,-99.143539,282352.9411764706
60.0,19.365002,-99.01358,55882.35294117647
73.0,19.407364,-99.178859,289941.17647058825
63.0,19.387764,-99.176758,187705.88235294117
103.0,,,302441.17647058825
80.0,19.359897,-99.18956,52411.76470588235
60.0,19.433615,-99.191013,285294.1176470588
60.0,,,67647.05882352941
55.0,,,92941.17647058824
68.0,,,123976.4705882353
57.0,23.634501,-102.552788,104974.64705882352
75.0,19.4525158577,-99.124622941,62352.94117647059
100.0,19.305266,-99.148363,92588.23529411765
63.0,19.441439,-99.135247,21058.823529411766
62.0,19.39365,-99.14769,170509.17647058822
60.0,19.387613,-99.202726,56862.76470588235
63.0,19.2990233,-99.0436467,60253.94117647059
106.0,19.362511,-99.166374,235811.76470588235
96.0,19.389044,-99.179657,59411.76470588235
100.0,19.343979,-99.124863,176470.58823529413
90.0,19.361993,-99.137782,60588.23529411765
54.0,19.458118,-99.125557,92941.17647058824
65.0,23.634501,-102.552788,67647.05882352941
65.0,19.472155,-99.161186,105000.0
150.0,19.440177,-99.127123,73117.64705882352
80.0,19.295734,-99.146996,65470.58823529412
76.0,23.634501,-102.552788,43470.58823529412
90.0,19.409369,-99.171906,226204.9411764706
141.0,,,382352.9411764706
